disease1	disease2	 RR	 phi-score	SAB-score	 J-score	p-value	q-value
DOID:1115	DOID:114	1.41117097374992	0.00016634302514584	0.496986027944	0.0409879126	3.29535276E-08	1.11014e-07
DOID:1115	DOID:11476	1.27223473249689	0.000270414591602056	0.272051282049	0.0275662895	0.193771367	0.410527
DOID:1115	DOID:12176	1.30195251669201	7.3337396126961e-05	0.258292682928	0.0304265991	0.	0
DOID:1115	DOID:12449	2.51052671505571	0.000264111384426493	0.755527950312	0.470659643	1.31809008E-11	8.66242e-11
DOID:1115	DOID:13189	0.655160004735194	-0.000167313381415128	0.181295546559	0.00510529662	0.646299761	1
DOID:1115	DOID:13580	3.42543846254534	0.000726610282297368	0.351185983828	0.324368179	2.07911466E-11	1.21757e-10
DOID:1115	DOID:14330	0.979234460353864	-1.75790343948855e-05	0.464242424244	0.00121124031	1.	1
DOID:1115	DOID:2355	3.21568791864585	0.00418291312873886	0.601965101786	0.443768114	4.81813478E-11	1.99279e-10
DOID:1115	DOID:2377	1.46289377693767	0.000106053889554699	0.514591427691	0.0184895024	1.15286776E-08	3.95394e-08
DOID:1115	DOID:2394	2.54544478457844	0.00046513160907934	0.363249299719	0.0944277644	0.	0
DOID:1115	DOID:263	4.33062350064948	0.00117439126529459	-0.001666666668	0.165167868	2.59330335E-11	1.37591e-10
DOID:1115	DOID:3119	14.9565356035944	0.00223544229348839	0.438883161512	0.269157708	5.9796057E-11	2.22646e-10
DOID:1115	DOID:319	19.9042322358576	0.00310569225406295	0.365302663439	0.020833334	8.56910765E-10	3.00168e-09
DOID:1115	DOID:3393	0.756217732945877	-0.000812197635690503	0.223294930876	0.02972457	0.00139836118	0.00422553
DOID:1115	DOID:409	2.24695053441471	0.000230468568340159	0.679553990609	0.0343612321	1.95776728E-11	1.16947e-10
DOID:1115	DOID:5093	73.7075782071429	0.0040624393560735	0.331666666667	0.124080591	0.	0
DOID:1115	DOID:576	4.18745272101356	0.000610317246552882	-0.1263003663	0.028734209	0.719142299	1
DOID:1115	DOID:7148	0.528519921503206	-0.000361658751967052	0.550234541577	0.0125431167	0.00239878046	0.00718241
DOID:1115	DOID:8577	0.879529869370534	-3.5610782856283e-05	0.36159090909	0.0234888811	0.	0
DOID:1115	DOID:936	3.3349612102524	0.000868748985603281	0.732929655749	0.0143474238	1.	1
DOID:1115	DOID:0050700	5.61005462900935	0.000762539703039474	0.525438499725	0.00401267176	1.	1
DOID:1115	DOID:10652	1.11523236470161	0.000101117621458039	0.471800766283	0.0139318882	0.0040283199	0.00887855
DOID:12030	DOID:114	3.38319194988763	0.000359500084642802	0.563396284355	0.125961542	3.08455483E-11	6.79431e-11
DOID:12030	DOID:11476	2.28757591323961	0.000476888950599071	0.487891737892	0.077735126	0.	0
DOID:12030	DOID:3393	0.500133390135735	-0.000620971350763914	0.313839386419	0.0956618488	0.	0
DOID:12030	DOID:9074	7.63319166373961	0.000665446799620534	0.154743589744	0.251626909	0.	0
DOID:12176	DOID:114	1.61124232343405	0.00139587244767479	0.431849415923	0.200564966	6.53144205E-12	1.49337e-11
DOID:12176	DOID:11476	1.61663426707441	0.000300551883193277	0.1	0.208866999	0.	0
DOID:12176	DOID:11984	1.06909189936777	9.44881550278639e-05	0.612440191387	0.	1.	1
DOID:12176	DOID:12449	1.10450800022673	0.000103147431722892	0.556949806949	0.00969803799	0.566911885	0.995822
DOID:12176	DOID:1307	0.870554662531844	-3.84483249739598e-05	0.265599343187	0.0126091177	0.0499638292	0.0935979
DOID:12176	DOID:13189	1.23530617070281	0.000644460839227058	0.342838196286	0.154613465	0.	0
DOID:12176	DOID:13580	1.10335690786754	0.000174783711485129	0.0811688311685	0.0413080901	0.	0
DOID:12176	DOID:14330	0.871593510577824	-3.81170250118579e-05	0.270289855073	0.0291814953	0.	0
DOID:12176	DOID:2355	1.41767324640668	0.00445099476685312	0.457129543335	0.106608778	0.	0
DOID:12176	DOID:2377	0.597629638987589	-0.000520380976420693	0.116581415177	0.400497526	0.	0
DOID:12176	DOID:2476	3.03068614881418	0.000323259576980287	0.23888888889	0.065272823	0.	0
DOID:12176	DOID:28	0.507219001294595	-0.000191758772457819	0.342447698042	0.101033293	0.	0
DOID:12176	DOID:2841	11.5935771724479	0.0008622039685635	0.211538461539	0.133032694	0.	0
DOID:12176	DOID:2914	3.10806536963497	0.000573966350976672	0.413802451674	0.00242130761	0.975210141	1
DOID:12176	DOID:319	1.87647450442238	0.00081280961561119	0.444350282487	0.453658551	0.	0
DOID:12176	DOID:332	0.437624542758668	-0.000408126330760091	0.317567567568	0.360443622	0.	0
DOID:12176	DOID:3393	1.02923484689708	0.000549807428666578	0.189601921756	0.157279491	0.	0
DOID:12176	DOID:3463	2.53609500647298	0.000378037576776422	0.343596059114	0.136470586	0.	0
DOID:12176	DOID:37	1.84764044107944	0.000691422252323794	0.502153379339	0.232613906	0.	0
DOID:12176	DOID:409	1.20037907498953	0.000209057145409969	0.334668933135	0.164574623	0.	0
DOID:12176	DOID:440	5.20966734567915	0.00161637153586923	0.483856712071	0.	1.	1
DOID:12176	DOID:5295	1.3992248311575	0.000264583895635706	0.368086462819	0.0723182037	0.	0
DOID:12176	DOID:576	2.10545460586028	0.00119482135088533	-0.154761904762	0.116527036	0.	0
DOID:12176	DOID:6050	1.84509835187641	0.000456213075790379	0.4	0.0196399353	0.00016832236	0.000345847
DOID:12176	DOID:7147	1.14571821468897	0.000119331799056519	-0.261904761905	0.18708241	0.	0
DOID:12176	DOID:7148	1.24980957966828	0.00108167026450734	-0.0923645320194	0.191208795	0.	0
DOID:12176	DOID:8577	1.38196352430223	0.000637344440679415	0.252048655569	0.246781111	0.	0
DOID:12176	DOID:863	1.3054430060129	0.000148181354142442	0.645846875291	0.080052495	0.	0
DOID:12176	DOID:9074	0.967190205208324	-4.98295140653577e-05	0.0764468864449	0.26111111	0.	0
DOID:12176	DOID:9351	1.05599329426152	2.61562625254284e-05	0.317589124704	0.1640625	0.	0
DOID:12176	DOID:936	1.03054635426604	6.41540672056977e-05	0.65702292745	0.00465116277	0.999935387	1
DOID:12176	DOID:9370	1.48153217416677	0.000155051598460502	-2.2049071618	0.369565219	0.	0
DOID:12176	DOID:9553	4.28175102216444	0.00152263112109372	0.651960784315	0.395872414	0.	0
DOID:12176	DOID:9741	3.69259535826197	0.000868323927429462	0.101785714285	0.00446650106	0.994278462	1
DOID:12176	DOID:0050700	1.05777749726896	5.39467498973252e-05	0.502590266878	0.0252976194	0.	0
DOID:12176	DOID:10595	0.782426740079504	-9.64061703676905e-05	0.312015503875	0.	1.	1
DOID:12176	DOID:10608	0.618455005812207	-0.000190160847848344	-0.0411111111115	0.143958867	0.	0
DOID:12176	DOID:10652	1.02908485008568	0.000144068611644176	0.270689655176	0.141747579	0.	0
DOID:1240	DOID:114	1.65967906975619	0.00028416018592876	0.18987395379	0.0461971834	2.66081601E-11	5.72806e-11
DOID:1240	DOID:11476	6.37253290116747	0.000596106745577834	0.444884843739	0.0594667196	0.	0
DOID:1240	DOID:11984	1.154174442883	3.97704798568972e-05	0.614955587976	0.00111172872	1.	1
DOID:1240	DOID:12030	262.841033704241	0.00447281125530709	0.390598290599	0.0193658229	0.	0
DOID:1240	DOID:12449	35.4315845822956	0.00641008955893306	0.695200934331	0.730409384	0.	0
DOID:1240	DOID:13189	1.44475142553634	0.000229762300527581	0.259829059829	0.0190578159	0.	0
DOID:1240	DOID:13580	3.02149524762254	0.000644810914367021	0.170609658542	0.261371464	0.	0
DOID:1240	DOID:14330	24.4649172182945	0.00131386050212927	0.212680969825	0.00525210099	1.	1
DOID:1240	DOID:2355	1.86749577884091	0.00018293465632448	0.382432318638	0.389708996	2.38042919E-12	5.76415e-12
DOID:1240	DOID:28	14.2372226589797	0.000971619825043338	0.211025977931	0.0629816279	0.258956795	0.495824
DOID:1240	DOID:2841	14.4785315176065	0.000981052057611328	0.0887380593256	0.053876739	0.	0
DOID:1240	DOID:3119	2.63855863950204	0.000279444907739503	0.0940679690683	0.11007905	1.20130572E-11	2.78913e-11
DOID:1240	DOID:3393	1.08106663221557	0.00028757433028821	0.0341768567583	0.0421908274	0.	0
DOID:1240	DOID:37	9.72407934969051	0.00134229971136767	0.182211426574	0.0384283252	0.	0
DOID:1240	DOID:576	1.84682466705079	0.000172644905399233	0.00131886773065	0.0582185499	0.	0
DOID:1240	DOID:7148	1.74822922148171	0.000611108991327356	0.090860921049	0.0273943506	0.	0
DOID:1240	DOID:8577	1.55162344879519	0.000173617394884417	0.150762544947	0.0405376591	0.	0
DOID:1240	DOID:936	44.5455533083714	0.00180974262964035	0.326778255963	0.0283990949	1.	1
DOID:1240	DOID:10652	1.52029317640926	0.00048612603145547	0.365977092242	0.027777778	0.	0
DOID:12449	DOID:114	1.59621758879986	0.000980187093619048	0.84158582531	0.0265521277	0.824753687	1
DOID:12449	DOID:11476	2.49385655094511	0.000524170496848023	0.635714285715	0.00832204334	1.	1
DOID:12449	DOID:11984	1.82364050016122	0.000810886013588167	0.888930836603	0.00374679547	1.	1
DOID:12449	DOID:13580	1.24541216946723	0.000298764796094293	0.382653061225	0.260885209	1.84641191E-12	1.84029e-11
DOID:12449	DOID:14330	1.14060682749722	0.00048370463880315	0.69523809524	0.00406879978	1.	1
DOID:12449	DOID:178	1.12762649090973	3.32974355273604e-05	0.807188572054	0.010504202	0.	0
DOID:12449	DOID:2355	5.09032793033597	0.0313798188540427	-0.206413294256	0.331283152	2.23503438E-11	1.52439e-10
DOID:12449	DOID:2377	0.797812775951427	-0.000188243945701858	0.823257418911	0.00308914389	0.999999803	1
DOID:12449	DOID:2476	5.84400617073134	0.000555117808771394	0.400522648085	0.0291525424	1.	1
DOID:12449	DOID:2841	0.994636643464867	-1.48990924597785e-06	0.656641604011	0.0200408995	0.800382787	1
DOID:12449	DOID:319	3.27375877853912	0.00151797917208759	0.789588377724	0.0032865908	0.999999985	1
DOID:12449	DOID:332	0.562574590431896	-0.000228530484983406	0.619047619048	0.00984378345	0.997298948	1
DOID:12449	DOID:3393	1.29781859630815	0.00403212020523487	0.385767458348	0.0229931418	0.670841032	1
DOID:12449	DOID:3463	2.44514841518447	0.000256036111613201	0.357142857143	0.0181032717	0.909796349	1
DOID:12449	DOID:37	0.89069121716759	-6.41887060207502e-05	0.885363854163	0.00178213406	0.999999982	1
DOID:12449	DOID:409	2.99544863855545	0.00149873579919127	0.76124136121	0.0316916481	1.15198961E-11	9.53298e-11
DOID:12449	DOID:440	3.01370646322308	0.000556623397844808	0.890682936695	0.00662937621	1.	1
DOID:12449	DOID:5295	3.37261850370271	0.00113199798156078	0.828012112911	0.055873014	0.55447267	1
DOID:12449	DOID:576	3.17179868288049	0.00168987081400941	-0.0285714285691	0.022134684	0.999999698	1
DOID:12449	DOID:6050	2.03306457906352	0.00040147621742157	0.450793650794	0.00195779861	1.	1
DOID:12449	DOID:7147	1.98833715832412	0.000582665560257586	0.125541125541	0.00310972892	0.999994509	1
DOID:12449	DOID:7148	2.08171083793632	0.00337185478046483	0.817460317459	0.00667408248	0.892214042	1
DOID:12449	DOID:8577	1.59888612027502	0.000719396692702936	0.740293916609	0.0196604114	0.	0
DOID:12449	DOID:863	0.62931433742013	-0.000129461621265745	1.09471485224	0.0058601927	1.	1
DOID:12449	DOID:9074	3.47278065323733	0.00270358862658837	0.806071428571	0.00843243208	0.997447945	1
DOID:12449	DOID:930	15.6489498571806	0.0010258814656681	0.668390433097	0.000230946884	0.999640591	1
DOID:12449	DOID:936	1.8524560405836	0.00128886871413531	1.02028576348	0.0157439671	1.	1
DOID:12449	DOID:9370	2.85680626195994	0.000430416992213283	0.668390433097	0.00271985494	0.992700888	1
DOID:12449	DOID:0050700	2.54961167115542	0.00104160082879293	0.916326530612	0.00548446085	1.	1
DOID:12449	DOID:10595	2.26310469278991	0.000402912313203853	0.616071428572	0.	1.	1
DOID:12449	DOID:10608	5.96276666869709	0.00178061931686441	0.517460317459	0.0100364964	2.21297211E-06	1.09226e-05
DOID:12449	DOID:10652	1.04440101555011	0.000158331499055332	0.749261083745	0.00483622774	0.999950514	1
DOID:1307	DOID:114	1.88716785762504	0.000438926826963354	0.211360600741	0.176349968	7.65055796E-11	4.05334e-10
DOID:1307	DOID:11476	6.87965552701128	0.000620865732459379	0.333333333333	0.0906127766	9.05908681E-12	1.31795e-10
DOID:1307	DOID:13580	1.14521512365193	5.32019202338185e-05	0.29761904762	0.0098923482	0.999999892	1
DOID:1307	DOID:14330	5.09264167104969	0.00423701201623015	-0.197619047617	0.392200142	4.05442346E-12	6.93287e-11
DOID:1307	DOID:2377	0.978168544531626	-6.11691053912754e-06	0.308628504281	0.00799200777	0.379764129	1
DOID:1307	DOID:3393	1.24377630335901	0.000993242458691885	0.0786145655788	0.105111592	0.	0
DOID:1307	DOID:37	2.45709752340213	0.000257498268625607	0.455490964371	0.00208768272	0.97687555	1
DOID:1307	DOID:409	1.5024305718792	0.000113564532007843	0.514722553611	0.102409638	2.50723886E-11	2.07355e-10
DOID:1307	DOID:440	11.0849799112115	0.000838923697609059	0.341674473893	0.00455927057	0.997612619	1
DOID:1307	DOID:7148	0.883491287137362	-0.000109294477009455	0.238095238092	0.	1.	1
DOID:1307	DOID:8577	0.588100425169094	-0.000148901016767332	0.18999419824	0.0544147827	0.	0
DOID:1307	DOID:863	6.94420993544168	0.000624757563975531	0.316558376877	0.203984827	0.	0
DOID:1307	DOID:9074	0.70964117970404	-9.55371255971011e-05	0.20862026862	0.000888099486	0.999959859	1
DOID:1307	DOID:936	6.68979704035136	0.00258890190498299	-0.0224589282239	0.00417052815	1.	1
DOID:1307	DOID:0050700	1.87559037358418	0.00017711753000093	0.319989534275	0.0414421894	2.74777978E-11	2.07355e-10
DOID:1307	DOID:10608	6.57965361368267	0.00060247161906976	0.139515455304	0.	1.	1
DOID:1307	DOID:10652	12.4057969723005	0.0122400216957007	-1.42223455676	0.075962536	2.73628897E-11	2.07355e-10
DOID:13189	DOID:114	9.09961972728396	0.000744998648323144	0.293310814271	0.0940499008	2.08899564E-11	5.06866e-11
DOID:13189	DOID:11476	1.53819759683353	0.000121544987171096	0.406695156695	0.0844091326	0.	0
DOID:13189	DOID:11984	1.46910308780091	0.00128157711140586	0.392457542457	0.015673982	6.65382349E-05	0.000141885
DOID:13189	DOID:12449	2.56066506711392	0.00307712263191766	0.424046541693	0.0011258726	0.999999909	1
DOID:13189	DOID:1307	0.876149613007017	-7.34876895967616e-05	0.213453213454	0.	1.	1
DOID:13189	DOID:13580	0.941172433020996	-0.000198732341600438	0.205507906726	0.0101363156	0.000787534218	0.00165103
DOID:13189	DOID:14330	536.540943132252	0.00640299616416939	0.129218843173	0.0084615387	0.0656150936	0.125925
DOID:13189	DOID:178	1.32422052198078	0.000234727943410618	0.4429068397	0.00476190494	0.236441827	0.445009
DOID:13189	DOID:1826	0.347395805913463	-0.000307474269903857	0.374979757084	0.0903361365	0.	0
DOID:13189	DOID:227	1.10043342112708	2.65865231227367e-05	0.117435897436	0.642857134	0.	0
DOID:13189	DOID:231	28101.3318965517	0.0464222626346112	0.0650800812094	0.111504428	0.	0
DOID:13189	DOID:2355	3.60619874534797	0.00111863008503233	0.497282101093	0.0440038666	0.	0
DOID:13189	DOID:2377	0.393269194685268	-0.00156753659444994	0.303232998886	0.247813419	0.	0
DOID:13189	DOID:2476	1.52508200272383	0.00016697903248233	0.156526806527	0.0193009917	0.	0
DOID:13189	DOID:2841	2.91702192584479	0.00031168842647277	0.363422291993	0.0807453394	0.	0
DOID:13189	DOID:2914	2.34603039993475	0.00073212197154495	0.488542220299	0.00144508667	0.953216191	1
DOID:13189	DOID:319	1.25902292077079	0.000479859342894249	0.280675068812	0.149625942	1.77325932E-11	4.33463e-11
DOID:13189	DOID:332	1.10109275810798	0.000146559682170714	0.0248868778273	0.117100373	0.	0
DOID:13189	DOID:3393	1.177038064716	0.000134101912413454	0.212440785023	0.0611790866	0.	0
DOID:13189	DOID:3463	0.638098546278548	-0.00017792354970951	0.49050949051	0.0694980696	0.	0
DOID:13189	DOID:37	0.958812424321158	-6.71157004702555e-05	0.607966442074	0.446564883	0.	0
DOID:13189	DOID:409	2.16746234745196	0.00243322205811795	0.509608935664	0.068702288	0.	0
DOID:13189	DOID:440	0.917551119327784	-6.32418248350682e-05	0.421376381183	0.	1.	1
DOID:13189	DOID:5295	1.36421068514724	0.000482197280948236	0.412973447873	0.0347080454	0.	0
DOID:13189	DOID:5614	1.82858090873853	0.000240634875893105	0.595079783605	0.170329675	0.	0
DOID:13189	DOID:5656	1.15725680937167	9.07726902563399e-05	0.232745515354	0.	1.	1
DOID:13189	DOID:5679	0.465246535008157	-0.000217711317434866	0.515082956261	0.215909094	1.27923228E-11	3.20261e-11
DOID:13189	DOID:576	3.16192458640576	0.00466797815758015	-0.32214082214	0.0742534325	0.	0
DOID:13189	DOID:6050	5.40507003906535	0.000526156712243844	0.217255717255	0.00205338816	0.845682208	1
DOID:13189	DOID:7147	1.75844945270926	0.00124078119349005	0.117435897436	0.426523298	0.	0
DOID:13189	DOID:7148	7.66809506801634	0.00116291004928849	0.32947052947	0.541666687	0.	0
DOID:13189	DOID:8577	1.34216565489846	0.00114055160102939	0.254566022212	0.161458328	0.	0
DOID:13189	DOID:863	1.31383293174779	0.000304150196586991	0.608286830658	0.0699844509	0.	0
DOID:13189	DOID:9074	1.183192044168	0.000555796695342364	0.416981351981	0.3125	0.	0
DOID:13189	DOID:930	1.21471612722315	5.42003045954929e-05	0.461538461541	0.21714285	0.	0
DOID:13189	DOID:936	1.67441355667813	0.00282954962924897	0.597877562959	0.00887096766	0.00377299472	0.00779666
DOID:13189	DOID:9370	3.35487105873022	0.00151476158708628	0.461538461541	0.3539823	0.	0
DOID:13189	DOID:9741	1.4865308904204	0.000313434868610315	0.233835268507	0.	1.	1
DOID:13189	DOID:9970	4.37297805800334	0.000448743576569709	0.384615384614	0.0168899242	0.	0
DOID:13189	DOID:0050700	3.01629783497926	0.0037608625098991	0.395022028663	0.00835073087	0.0465926008	0.0899444
DOID:13189	DOID:10595	0.787455302959708	-0.000188137686753981	0.247435897436	0.	1.	1
DOID:13189	DOID:10608	0.700233459760371	-0.000298459023750718	0.279232587743	0.260162592	1.27131639E-12	3.41288e-12
DOID:13189	DOID:10652	0.604424756909397	-0.00391433380561872	0.351458885944	0.0510440841	0.	0
DOID:1324	DOID:1115	1.22672523403675	0.000113712685960272	0.333023255814	0.253298163	3.85118604E-11	1.85763e-10
DOID:1324	DOID:114	0.821747759029008	-0.000840600303156036	0.179058100017	0.0566706024	6.62334632E-11	2.75629e-10
DOID:1324	DOID:11476	0.533128596067099	-0.000469906333837995	0.125	0.0319905207	6.09671628E-07	2.22867e-06
DOID:1324	DOID:11984	0.639260379939264	-0.00101874691696995	0.429545454544	0.	1.	1
DOID:1324	DOID:12176	1.12758464298776	0.000361208225839872	0.220588235294	0.0421348326	0.	0
DOID:1324	DOID:1240	0.270516059864236	-0.000389558935598103	0.0669515669503	0.0815836862	8.53495052E-12	6.23362e-11
DOID:1324	DOID:12449	1.5982011676749	0.00121920957425272	0.402930402931	0.0552909523	1.44180223E-11	9.60322e-11
DOID:1324	DOID:1307	0.638633319725436	-0.000125348602087536	0.219047619049	0.000641848543	1.	1
DOID:1324	DOID:13189	0.710482110773207	-0.00163742285020641	0.0210918114163	0.00410677632	0.687742327	1
DOID:1324	DOID:13580	0.76702530868104	-0.000813565307411031	0.318322981365	0.0154905338	0.998770272	1
DOID:1324	DOID:14330	0.397062838985064	-0.00594971609197664	0.1625	0.00102092908	1.	1
DOID:1324	DOID:178	0.964241391926002	-2.67609120923886e-05	0.210971987007	0.00584112154	0.0104314911	0.0284224
DOID:1324	DOID:1826	0.325232918853788	-0.000328631219699267	0.262325581394	0.00343347644	0.991231531	1
DOID:1324	DOID:227	2.06045765357669	0.000290183445601454	0.0666666666646	0.00102986617	0.989561469	1
DOID:1324	DOID:2355	1.53929732424603	0.011867819104137	0.288566243193	0.0365313664	3.96417942E-08	1.48215e-07
DOID:1324	DOID:2377	0.649728905111986	-0.000935452964316268	0.106946526736	0.0435624383	0.	0
DOID:1324	DOID:2394	0.263790931664785	-0.00258283058309757	0.089915966386	0.297423899	0.	0
DOID:1324	DOID:2476	1.42852112606619	9.94356536713326e-05	0.086842105263	0.018779343	0.681017371	1
DOID:1324	DOID:263	1.28226729326368	0.00116016624615642	0.130263157895	0.33984375	3.16826565E-11	1.65909e-10
DOID:1324	DOID:28	0.716867558640224	-0.000227516630858913	0.285773863142	0.0263237525	0.0514201824	0.114309
DOID:1324	DOID:2841	2.73092403291514	0.000290916006583477	0.12962962963	0.0242587607	0.000584043002	0.00193857
DOID:1324	DOID:2914	2.19636017966367	0.000672645954376546	0.282782365915	0.	1.	1
DOID:1324	DOID:3119	1.17355924657705	0.000324045495337268	0.0694444444435	0.654054046	4.14325241E-11	1.97998e-10
DOID:1324	DOID:319	2.90465543701544	0.00364744030326159	0.148029936165	0.0249077491	1.26783508E-07	4.71582e-07
DOID:1324	DOID:332	0.377976903297422	-0.000932174016318221	0.0	0.0237315875	2.45722025E-05	8.6748e-05
DOID:1324	DOID:3393	0.843332911435517	-0.00608428822264867	-0.340684660962	0.0429128744	0.	0
DOID:1324	DOID:3463	2.09086371270065	0.000554382631068247	0.114285714287	0.0220841952	0.00297520369	0.00964469
DOID:1324	DOID:37	1.11525324537863	0.000194136445507096	0.303081858838	0.0108055007	0.0439136963	0.0981056
DOID:1324	DOID:409	1.19755137406256	0.000425613044390823	0.305190694728	0.0555121191	1.84663396E-11	1.18976e-10
DOID:1324	DOID:440	0.613581362602189	-0.000306389379282691	0.309370394489	0.	1.	1
DOID:1324	DOID:5093	12.3671020687193	0.00740336852689425	-1.89605263158	0.127623841	0.	0
DOID:1324	DOID:5295	0.453192134772555	-0.000748346686613771	0.233621696338	0.0179028139	0.938806858	1
DOID:1324	DOID:5614	0.855961264048029	-4.32413220123306e-05	0.436994732175	0.0353413671	2.52613486E-11	1.46101e-10
DOID:1324	DOID:5656	1.08342704076608	4.97792786756389e-05	0.261140819967	0.	1.	1
DOID:1324	DOID:5679	1.30669529676193	0.00012907155066163	0.387720051524	0.0171673819	0.00499155701	0.0159659
DOID:1324	DOID:576	0.883411242428454	-0.000260220173471982	-0.196428571429	0.0174627639	0.462740965	0.982678
DOID:1324	DOID:6050	1.24177707739916	0.000269524236298802	0.0238095238101	0.000879507454	0.999915875	1
DOID:1324	DOID:7147	0.86361456476187	-0.000230638904767888	0.0666666666646	0.00672430359	0.497523083	1
DOID:1324	DOID:7148	0.88906476523229	-0.000991922029971871	0.0714285714298	0.0242248066	3.36735186E-08	1.26293e-07
DOID:1324	DOID:8577	0.664077720257046	-0.0011574796006545	0.187173100871	0.0204841718	2.10406907E-05	7.44993e-05
DOID:1324	DOID:863	0.768758776021688	-0.000231659897673663	0.46842202741	0.00224719103	0.999966475	1
DOID:1324	DOID:8692	2.45783162962363	0.000365251496094872	-0.0833333333326	0.0492257923	0.	0
DOID:1324	DOID:9074	0.934873857295196	-0.000204249367837545	0.203440860216	0.060283687	2.23440155E-11	1.34362e-10
DOID:1324	DOID:930	5.953481724996	0.000562742550106287	0.349875930523	0.00582750561	0.012383604	0.0284224
DOID:1324	DOID:9351	0.414574009816033	-0.000564720943292851	0.167901234567	0.0093123205	0.86555271	1
DOID:1324	DOID:936	1.27958184850073	0.00121253981811609	0.437762420008	0.00341841392	1.	1
DOID:1324	DOID:9370	1.04694653594515	3.12159615085445e-05	0.349875930523	0.021367522	3.94185729E-09	1.51461e-08
DOID:1324	DOID:9553	4.87483948034779	0.00371248763330658	0.321008403363	0.0302782319	6.96928204E-09	2.64965e-08
DOID:1324	DOID:9741	0.521885381416543	-0.000318394036688666	0.271120689655	0.00753968256	0.999999864	1
DOID:1324	DOID:0050700	0.789021498286126	-0.00040678692924132	0.409077063662	0.00232919259	1.	1
DOID:1324	DOID:10595	1.01367453391012	1.25122113497271e-05	0.277777777777	0.	1.	1
DOID:1324	DOID:10608	0.946920737915961	-5.46288990651988e-05	0.100427350427	0.0223642178	1.12905008E-09	4.36614e-09
DOID:1324	DOID:10652	0.304696073779295	-0.00711212612607014	0.290902421132	0.037629351	4.46409576E-12	3.36252e-11
DOID:14330	DOID:114	1.25961323193907	0.000128367227907339	0.330336281752	0.242974237	5.79873927E-11	1.94803e-10
DOID:14330	DOID:11476	41.327190838872	0.00425583508361937	0.206060606062	0.0852510482	0.	0
DOID:14330	DOID:11984	0.896873581911671	-0.000491569730542408	0.484032634031	0.0187597703	0.275182108	0.621312
DOID:14330	DOID:12030	0.782550615752874	-6.86385030027485e-05	0.368038163388	0.00675168773	0.37873157	0.843496
DOID:14330	DOID:13580	0.976047435410128	-0.000141181707710154	0.262151067322	0.0336269028	0.0474119996	0.114347
DOID:14330	DOID:178	1.2706266202937	0.000341848402709351	0.359742696794	0.000838222972	0.853393191	1
DOID:14330	DOID:1826	58.8267952772602	0.00295295515287873	0.311515151515	0.107669614	5.08025844E-11	1.77957e-10
DOID:14330	DOID:227	3.65502682806732	0.0012262836872775	0.0285714285707	0.00772200758	0.102685468	0.241361
DOID:14330	DOID:231	3.81493425179526	0.00040242924492916	-0.0013573065371	0.0340179726	9.89586191E-12	4.73531e-11
DOID:14330	DOID:2377	1.95867162019579	0.000268448092147366	0.0866051822585	0.0129217515	0.0200632402	0.0490767
DOID:14330	DOID:2476	1.26636821636357	0.000147793712313511	0.143333333334	0.0587599128	0.	0
DOID:14330	DOID:2841	246.979164298973	0.00433471677278473	0.19090909091	0.189345315	2.5024427E-13	1.32387e-12
DOID:14330	DOID:319	1.90355852102218	0.000181426554481187	0.229181743161	0.00837988872	0.527058928	1
DOID:14330	DOID:332	1.59698465982881	0.00151006759717965	0.0901960784302	0.0245795604	7.17001382E-06	2.11871e-05
DOID:14330	DOID:3393	0.995044623751556	-2.01781541906476e-05	0.0837828309543	0.125508428	0.	0
DOID:14330	DOID:3463	0.953733562948815	-3.9686967083055e-05	0.328174603176	0.00276395795	0.999999966	1
DOID:14330	DOID:37	2.46002962068543	0.00025786260885189	0.48913544489	0.00963676814	0.0918594339	0.218045
DOID:14330	DOID:409	1.07396447614345	0.000268968112836187	0.43765630084	0.0712921694	1.44072532E-11	6.69863e-11
DOID:14330	DOID:440	4.69530369451724	0.000476193046425254	0.400795511731	0.0932149664	2.29960495E-12	1.18359e-11
DOID:14330	DOID:5295	1.38857760122816	0.000897611866230241	0.297033276934	0.0912193581	1.83164595E-12	9.49508e-12
DOID:14330	DOID:5614	3.05194740143621	0.000327976385597938	0.469806438774	0.0350989141	3.54163365E-11	1.3079e-10
DOID:14330	DOID:5656	1.07625349169035	7.67969955965652e-05	0.0898989899004	0.119819142	0.	0
DOID:14330	DOID:5679	1.2362318588096	0.000167804890541005	0.487222002894	0.0571030639	4.59692284E-11	1.64541e-10
DOID:14330	DOID:576	1.40164736067339	9.39944044114424e-05	-0.18354978355	0.0162494518	0.94369883	1
DOID:14330	DOID:6050	457.637863259862	0.00591157256102311	0.0444444444466	0.240303546	3.23030491E-12	1.64851e-11
DOID:14330	DOID:7147	1.37876212017824	0.00108111986398257	0.0285714285707	0.0282948632	0.	0
DOID:14330	DOID:7148	0.707636458146297	-0.0002740968462788	0.254761904763	0.00724637695	0.508717611	1
DOID:14330	DOID:8577	0.588802215652589	-0.000148558702548669	0.154188948305	0.0377632529	0.	0
DOID:14330	DOID:863	6.95249658214268	0.000625255543029335	0.330319364309	0.334664524	0.	0
DOID:14330	DOID:9074	1.42097601377492	0.000138431686884442	0.230476190477	0.0119126402	0.270976024	0.612199
DOID:14330	DOID:930	2.03463160095747	0.000350808019701183	0.376982707217	0.	1.	1
DOID:14330	DOID:936	10.0466701375682	0.00411385128061413	0.04946239564	0.00338983047	1.	1
DOID:14330	DOID:9370	1.73335755051144	0.000823060324021413	0.376982707217	0.00703124981	0.116583509	0.273139
DOID:14330	DOID:9741	0.617178443162024	-0.000430300670165322	0.245833333333	0.0257142857	0.3695368	0.824035
DOID:14330	DOID:0050700	3.59052635463083	0.000539869832559424	0.36810471024	0.0889054909	1.94966265E-11	8.59949e-11
DOID:14330	DOID:10595	1.79814790657731	0.00123267234572283	0.415789473682	0.	1.	1
DOID:14330	DOID:10608	1.24041892691734	0.000417646610370574	0.0097222222224	0.00858034287	0.0328721446	0.0795991
DOID:170	DOID:11476	1.69396444208249	0.00025867109145621	0.378205128204	0.0601380207	9.60831414E-12	3.18922e-11
DOID:170	DOID:13189	4.65246535008157	0.000665002439263326	0.194310897436	0.0228500199	0.	0
DOID:170	DOID:13580	18.2437118115943	0.00193850141679562	0.316305003014	0.0373735279	0.997991367	1
DOID:170	DOID:2355	1.48926878565794	0.000346610610162668	0.376647685331	0.059738338	6.43068931E-11	1.44831e-10
DOID:170	DOID:2377	10.3883975805321	0.000807162207439679	0.222463768118	0.0435845219	0.	0
DOID:170	DOID:3119	42.4841340436277	0.00249339998279247	-0.0863821138225	0.403805494	4.47546444E-11	1.11516e-10
DOID:170	DOID:3393	0.617253234661192	-0.000478514636587913	-0.0473380540245	0.0503401347	0.	0
DOID:170	DOID:936	7.89414868755948	0.000962541301726501	0.375361326639	0.225437135	0.	0
DOID:1826	DOID:114	0.997689875581228	-9.07535014904916e-07	0.482611027944	0.0682182983	7.99063038E-11	1.50231e-10
DOID:1826	DOID:11476	32.7336350878779	0.00266076992986683	0.504871794872	0.0482026152	1.6910584E-11	4.76667e-11
DOID:1826	DOID:11984	2.77525499309486	0.000417644419018151	0.675183752416	0.00172265293	0.999579472	1
DOID:1826	DOID:13580	0.908162087659704	-2.67164748705562e-05	0.48628032345	0.0370245725	2.96807023E-11	7.46258e-11
DOID:1826	DOID:2841	391.24487652654	0.0054638692102732	0.484590163935	0.0546719693	2.60973465E-11	6.71606e-11
DOID:1826	DOID:3393	0.995539621574535	-1.44303607532826e-05	0.30043778802	0.0651162788	0.	0
DOID:1826	DOID:409	4.76574385560171	0.000675863708401281	0.712053990607	0.065789476	2.47930565E-11	6.45776e-11
DOID:1826	DOID:5295	11.8048023089904	0.00123185158907446	0.555316105215	0.0228978973	3.57209536E-08	6.412e-08
DOID:1826	DOID:576	2.22037899479074	0.000226909399925333	-0.0986080586085	0.0467675366	2.43833842E-11	6.37964e-11
DOID:1826	DOID:7148	0.980859041466489	-1.4257559313172e-05	0.464264392326	0.0932358354	2.66198175E-11	6.84293e-11
DOID:1826	DOID:9074	1.12549895987087	3.27883050177816e-05	0.496666666667	0.0934718102	2.27192709E-11	6.01402e-11
DOID:1826	DOID:936	10.6100939827123	0.00347206740404582	0.411509537403	0.00843773969	0.976544765	1
DOID:1826	DOID:0050700	2.97470760574125	0.000317179463732777	0.556249310534	0.0104712043	0.521514755	0.800692
DOID:231	DOID:13580	30.026109023249	0.00146848523890847	0.306080606108	0.0310277957	0.	0
DOID:231	DOID:3393	0.304768784613964	-0.000391163530377467	0.0161290322588	0.153633848	0.	0
DOID:2355	DOID:114	1.66544294781779	0.0118120851002147	0.510932388096	0.102002971	7.34595718E-11	1.51807e-10
DOID:2355	DOID:11476	2.47098047054249	0.00557291126700802	0.440613026821	0.125963017	2.04900541E-11	6.35125e-11
DOID:2355	DOID:11984	1.41373730440093	0.0043980315545439	0.656269592475	0.	1.	1
DOID:2355	DOID:12030	1.17317042516929	0.000121899466689027	0.576913737065	0.0719530135	1.85758076E-11	5.91019e-11
DOID:2355	DOID:1307	1.99436974712927	0.00229573808021096	0.480771756978	0.00329549611	1.	1
DOID:2355	DOID:13580	1.89770213258289	0.0117998674605505	0.418833772484	0.362875283	2.99873459E-11	8.4395e-11
DOID:2355	DOID:14330	2.19954455097372	0.0027677816761727	0.530512016718	0.00769724185	1.	1
DOID:2355	DOID:178	2.11420258709451	0.0031386700634884	0.459101793447	0.0174389631	2.17248441E-12	1.53092e-11
DOID:2355	DOID:1826	1.85337482777217	0.0015644293540314	0.538832571666	0.0347864367	6.94649893E-11	1.44873e-10
DOID:2355	DOID:227	3.05285238097945	0.00211445389280141	0.29696223317	0.0421103574	0.	0
DOID:2355	DOID:231	4.08514701621449	0.00098359339577723	0.452684630863	0.138953224	2.57859289E-11	7.58124e-11
DOID:2355	DOID:2377	1.01203037863924	0.000120936709646064	0.460802079277	0.11061947	0.	0
DOID:2355	DOID:2476	1.62727847948793	0.000776162051168266	0.344031830239	0.0540239476	3.05744208E-10	6.21129e-10
DOID:2355	DOID:2841	2.07499530982323	0.000680075885021791	0.461298606014	0.103349671	3.16184856E-11	8.71501e-11
DOID:2355	DOID:319	1.99589468117864	0.00717870953469113	0.548211172553	0.0790960416	6.05435702E-11	1.30392e-10
DOID:2355	DOID:332	1.08610898901233	0.00048573586214177	0.440964644261	0.1375117	2.26194619E-11	6.86139e-11
DOID:2355	DOID:3393	1.30353790426683	0.0443717067498606	0.270372198821	0.093443267	5.4275473E-12	2.29677e-11
DOID:2355	DOID:3463	1.47519197807746	0.000909011582466667	0.366009852217	0.113341697	3.26563221E-11	8.92664e-11
DOID:2355	DOID:37	1.03753046116157	0.000237957286418875	0.537721054683	0.0902812034	6.26432239E-12	2.297e-11
DOID:2355	DOID:409	2.23687864460933	0.0100305134111807	0.441859523887	0.114487007	2.72515344E-11	7.89747e-11
DOID:2355	DOID:440	4.02229860058042	0.000868537840824232	0.571452686548	0.00547302561	0.999999751	1
DOID:2355	DOID:5295	2.34465526064725	0.00692692107075634	0.537554077138	0.112101912	3.02786685E-11	8.50486e-11
DOID:2355	DOID:5614	1.30724704518864	0.000109517249451151	0.610274295961	0.185220733	3.89933641E-11	1.00063e-10
DOID:2355	DOID:5656	1.54762244644499	0.00122994076999137	0.533991870199	0.000428632658	1.	1
DOID:2355	DOID:5679	1.15832016662284	0.000250796139075044	0.492817524438	0.118676126	6.70016265E-11	1.40466e-10
DOID:2355	DOID:576	3.02406126659258	0.017004706417607	-0.0058155446098	0.104050279	2.29858355E-11	6.91208e-11
DOID:2355	DOID:6050	2.30690655033289	0.000607384970754359	0.399285113543	0.0104575166	0.405027816	0.749405
DOID:2355	DOID:7147	1.78400773225744	0.00499052362046126	0.29696223317	0.0584045574	0.	0
DOID:2355	DOID:7148	2.17527703771995	0.0395557366248506	0.623152709359	0.0667302161	1.6168511E-11	5.27927e-11
DOID:2355	DOID:8577	1.96982431466781	0.0125784984754369	0.496655754985	0.0863549635	0.	0
DOID:2355	DOID:863	1.51285515953466	0.00193393345470152	0.742530551788	0.0302658491	4.92688101E-09	9.9475e-09
DOID:2355	DOID:9074	2.31245436212821	0.0154935440647751	0.385834413621	0.147200778	3.58936214E-11	9.53701e-11
DOID:2355	DOID:930	2.03349540362677	0.000781467255180399	0.606166174767	0.0209790207	6.20026253E-12	2.29677e-11
DOID:2355	DOID:936	2.4112293044624	0.0230380554758859	0.670122301947	0.00648882473	1.	1
DOID:2355	DOID:9370	1.23300177690206	0.000583167877235687	0.606166174767	0.0631840825	1.4844237E-11	4.90458e-11
DOID:2355	DOID:9741	1.63901550660658	0.00160178969726769	0.406060872627	0.537825525	3.30924177E-11	9.00392e-11
DOID:2355	DOID:0050700	3.46035982549934	0.00114345251408792	0.677463218608	0.0343595371	0.437463191	0.80859
DOID:2355	DOID:10595	1.10629369651743	0.000366092006339541	0.550743745775	0.	1.	1
DOID:2355	DOID:10608	2.40750408406883	0.00545266017177279	0.429743461603	0.0620039664	3.62337937E-11	9.54942e-11
DOID:2355	DOID:10652	1.77751384482531	0.029936022429233	0.548850574712	0.0648018643	4.07378575E-11	1.03363e-10
DOID:2377	DOID:114	0.64776371548075	-0.000758795654241747	0.322387649168	0.156716421	0.	0
DOID:2377	DOID:11476	3.26965501538659	0.00104354234007235	0.521258948839	0.213849291	0.	0
DOID:2377	DOID:11984	0.924036940676726	-9.79966231628661e-05	0.716569662222	0.	1.	1
DOID:2377	DOID:13580	0.937370976556614	-9.99069073528449e-05	0.0978687754781	0.018392371	5.2177437E-08	1.13888e-07
DOID:2377	DOID:178	0.657072384997626	-0.000117235452724634	0.138209624469	0.0032258064	0.352748639	0.672328
DOID:2377	DOID:1826	4.65415921849925	0.000812977633760472	0.51118717237	0.103386812	0.	0
DOID:2377	DOID:2841	1.15915735714977	5.79343866854031e-05	0.0534161490707	0.171497583	0.	0
DOID:2377	DOID:3393	0.525749172249466	-0.00841349233906269	0.265044413278	0.155701756	0.	0
DOID:2377	DOID:3463	2.84959516965984	0.000429390075360369	0.412875608529	0.185987264	0.	0
DOID:2377	DOID:37	1.81653244649304	0.000628294932593526	0.0133289434113	0.412979364	0.	0
DOID:2377	DOID:409	0.555373536546234	-0.000437588986156901	0.0917796634881	0.232665643	0.	0
DOID:2377	DOID:440	5.85366197476487	0.00175801011309381	0.31479505646	0.00119047624	0.995441864	1
DOID:2377	DOID:5295	2.35828565764952	0.00084917148447283	-0.0693413387899	0.0830592141	0.	0
DOID:2377	DOID:5656	1.03360630839047	9.16006948867722e-06	0.431643803769	0.	1.	1
DOID:2377	DOID:5679	2.07767951610642	0.000207180672991779	0.264578912045	0.401766002	0.	0
DOID:2377	DOID:576	0.591430255913546	-0.000416568752837899	0.0793484496998	0.144800007	0.	0
DOID:2377	DOID:6050	3.25785546643175	0.00114978076252532	0.298270219728	0.0352112688	0.	0
DOID:2377	DOID:7147	0.772407914223091	-0.000175815811167838	-0.088030059044	0.320954919	0.	0
DOID:2377	DOID:7148	0.480542966770829	-0.00212174828345197	-0.162413966761	0.323759794	0.	0
DOID:2377	DOID:8577	1.5838512772256	0.000918994624550614	-0.0232840324697	0.296912104	0.	0
DOID:2377	DOID:863	9.90100627313446	0.00407343609620374	0.0968341796221	0.0677506775	0.	0
DOID:2377	DOID:9074	1.46149100208307	0.000661157306943152	-0.334758454106	0.43875277	0.	0
DOID:2377	DOID:930	820.683408862034	0.00792867555256094	0.219743317836	0.15925926	0.	0
DOID:2377	DOID:936	1.76634558058119	0.00151826609621547	0.335197321133	0.00469361152	0.999113813	1
DOID:2377	DOID:9370	1.66467222892908	0.000201890971312934	0.219743317836	0.449999988	0.	0
DOID:2377	DOID:0050700	0.396178329163425	-0.000531831040268809	0.486853252725	0.0314720795	0.	0
DOID:2377	DOID:10595	2.63743998563053	0.000684420690820182	0.40579710145	0.	1.	1
DOID:2377	DOID:10608	2.43216928959959	0.000673330253348717	-0.116317245906	0.257668704	0.	0
DOID:2394	DOID:114	0.703241520193485	-0.000839790549695328	0.326146300747	0.0184442662	0.000203777914	0.000715901
DOID:2394	DOID:11476	1.26427138038823	0.000159616380972036	0.316413662237	0.0208855476	1.23608191E-05	4.50939e-05
DOID:2394	DOID:11984	0.884306691754408	-0.000196062260459804	0.479809406278	0.	1.	1
DOID:2394	DOID:12176	0.959888768193035	-6.8145711486023e-05	0.381907308377	0.0385288969	0.	0
DOID:2394	DOID:12449	2.15942140182319	0.00141803099101941	0.338788146837	0.0132860942	0.00663603345	0.0221386
DOID:2394	DOID:1307	0.567339898350618	-0.000159247780621873	0.198309832407	0.	1.	1
DOID:2394	DOID:13189	0.436067783241501	-0.0019139282400122	0.177828054296	0.	1.	1
DOID:2394	DOID:13580	1.26273418737571	0.000550571295102871	0.227217553688	0.00566100562	0.992426169	1
DOID:2394	DOID:14330	1.13603382987152	5.00396747278375e-05	0.122945348352	0.	1.	1
DOID:2394	DOID:178	0.381103422510943	-0.000277940406801593	0.393612760688	0.00294117653	0.384124504	1
DOID:2394	DOID:1826	0.89980751364115	-2.92821787413999e-05	0.5356302521	0.0172413792	0.00118227757	0.0040898
DOID:2394	DOID:2355	2.1498733028784	0.0151846905194062	0.422116294792	0.0237030406	1.41886281E-10	6.06547e-10
DOID:2394	DOID:2377	0.838868887969078	-0.000258232180036554	0.359057475365	0.0429906547	0.	0
DOID:2394	DOID:263	1.02626772477334	6.47881271899031e-05	0.334220985691	0.271276593	0.	0
DOID:2394	DOID:28	0.991662863992017	-4.0202559396042e-06	0.325931497248	0.0094903335	0.483210386	1
DOID:2394	DOID:2841	1.00847070914442	4.05048069393569e-06	0.335738068812	0.0224948879	4.46458784E-06	1.65213e-05
DOID:2394	DOID:2914	5.40139772727567	0.00148500700294477	0.520136244098	0.	1.	1
DOID:2394	DOID:3119	2.57296310657388	0.00176234150933292	0.0567030182856	0.261744976	1.43171031E-11	6.44895e-11
DOID:2394	DOID:319	0.0582331997450659	-0.00108225213157096	0.321233667418	0.0350262709	3.64629438E-11	1.62217e-10
DOID:2394	DOID:332	0.285199625354205	-0.000642818778469783	0.173374613	0.0368794315	0.	0
DOID:2394	DOID:3393	0.447879830373443	-0.0128670479898018	0.0529728020226	0.0216776617	8.16949203E-06	2.99853e-05
DOID:2394	DOID:37	0.752566284136235	-0.000250107139546401	0.467135643429	0.0345528461	3.93168831E-11	1.74699e-10
DOID:2394	DOID:409	1.05838727943464	7.54860006623455e-05	0.374491602016	0.0349127166	0.	0
DOID:2394	DOID:440	1.69756838343855	0.000331906480484364	0.496131684904	0.	1.	1
DOID:2394	DOID:5093	1.50950795364535	0.000199133294218603	0.118004769472	0.080052495	0.	0
DOID:2394	DOID:5295	1.59577932136646	0.000489290534636999	0.263043882428	0.0110056922	0.183675511	0.576262
DOID:2394	DOID:5614	23.7999087358084	0.00129562710994797	0.597170539771	0.033602152	2.8633762E-11	1.27702e-10
DOID:2394	DOID:576	0.300151988380612	-0.000937349004460636	-0.0050149091899	0.015994437	0.00224805229	0.00768813
DOID:2394	DOID:6050	0.687113929579456	-0.0002093062665707	0.0982783357221	0.00487804879	0.647733328	1
DOID:2394	DOID:7147	0.298665521390537	-0.000711709994578645	0.227518593643	0.0272373538	1.57823625E-07	6.07066e-07
DOID:2394	DOID:7148	0.733320667561548	-0.00143090463334254	0.506622988177	0.0228571426	8.84424301E-06	3.24289e-05
DOID:2394	DOID:8577	0.6304373009561	-0.000764145339467002	0.239483065951	0.0322580636	8.19691537E-10	3.42936e-09
DOID:2394	DOID:863	0.425378172221777	-0.00034544667875504	0.618445389838	0.	1.	1
DOID:2394	DOID:9074	0.760727676487027	-0.000450309524790576	0.351551577153	0.0352220535	9.93871652E-13	5.05767e-12
DOID:2394	DOID:9351	2.29396710706587	0.000749028656586204	0.415922193416	0.017162472	0.00134648388	0.0046356
DOID:2394	DOID:936	0.682989537090351	-0.000825037968027692	0.564195041944	0.00154758838	1.	1
DOID:2394	DOID:9370	0.482756769489015	-0.000206386497687476	0.482956259427	0.0455635488	0.	0
DOID:2394	DOID:9553	1.62774168198006	0.000360915528352491	0.529411764705	0.0306834038	1.52640645E-09	6.28684e-09
DOID:2394	DOID:9741	1.92516956406944	0.000369715400190173	0.212190402474	0.00597907323	0.94337127	1
DOID:2394	DOID:0050700	0.631906821370728	-0.000425892367445491	0.361653752411	0.00145701796	0.99999857	1
DOID:2394	DOID:10595	0.509906989519195	-0.000269099784251521	0.404634581105	0.	1.	1
DOID:2394	DOID:10608	0.403046718641972	-0.000368681390771524	0.192810457516	0.055155877	0.	0
DOID:2394	DOID:10652	0.317678171130093	-0.00418819925443867	0.246009348266	0.0429338105	0.	0
DOID:2476	DOID:114	1.09497498793043	2.51833299326101e-05	0.307075154503	0.105515584	3.53226337E-11	9.3229e-11
DOID:2476	DOID:11476	1.8509431663142	0.00055399890431688	0.276470588238	0.050637804	0.	0
DOID:2476	DOID:13580	3.98686924790028	0.000586474659524736	0.11488095238	0.361471206	0.	0
DOID:2476	DOID:2377	17.0266267398762	0.00240662898201981	0.293250284971	0.0331991948	0.	0
DOID:2476	DOID:2841	38.2089047518578	0.00166713107300349	0.0642857142871	0.0395668484	0.	0
DOID:2476	DOID:319	72.8091387833298	0.00773216039691006	0.162915683329	0.104232803	2.97564196E-11	7.99413e-11
DOID:2476	DOID:332	10.8056339382126	0.000826257705711094	0.04512195122	0.0826446265	0.	0
DOID:2476	DOID:3393	0.809344490261148	-0.000416323313313662	-0.0136938646429	0.0617283955	0.	0
DOID:2476	DOID:440	77.1808974730823	0.00339633946183212	-0.150762634307	0.121269539	0.	0
DOID:2476	DOID:7147	8.48687202017737	0.000711892384265149	-0.0458333333336	0.0145363407	0.000336984464	0.000783907
DOID:2476	DOID:936	1.29385424547137	7.16586086017121e-05	0.442757294035	0.0599014796	8.93894037E-09	2.26487e-08
DOID:2476	DOID:10595	28.9790086387952	0.00143947201439645	0.229432624112	0.000558659201	0.0624171839	0.1355
DOID:263	DOID:114	1.20814776011319	0.000690088034049045	0.369775689265	0.23324573	6.94749813E-11	1.40394e-10
DOID:263	DOID:11476	0.460914396483467	-0.000381460848228044	0.274999999999	0.121397913	1.69706471E-11	4.85183e-11
DOID:263	DOID:11984	0.976942353634102	-4.57789312388084e-05	0.44383116883	0.00175849942	0.999999998	1
DOID:263	DOID:12176	1.32201774353235	0.0006409398037645	0.247222222224	0.160541579	0.	0
DOID:263	DOID:1240	1.63711575732099	0.000239196044145993	0.204144051407	0.0795521513	1.38210554E-11	4.17292e-11
DOID:263	DOID:12449	1.72447103752369	0.00103807886140355	0.575522648085	0.0432769731	2.19568808E-11	6.07053e-11
DOID:263	DOID:1307	0.41366929743987	-0.000252833191199693	0.289208909371	0.00857843179	0.98766028	1
DOID:263	DOID:13189	1.40877973389039	0.00162537288618346	0.210314685315	0.110531807	0.	0
DOID:263	DOID:13580	1.75190265854725	0.00184596519177752	0.331547619046	0.0531358868	1.60986779E-11	4.73769e-11
DOID:263	DOID:14330	0.414162936219631	-0.000252469724898859	0.158333333334	0.0178926438	0.527053756	0.920876
DOID:263	DOID:178	1.3893856707448	0.000204870054531799	0.414626453366	0.0349344984	6.72151224E-12	2.14044e-11
DOID:263	DOID:2355	1.81008254919516	0.012532858616865	0.429288240495	0.111281656	4.32627267E-11	9.67112e-11
DOID:263	DOID:2377	0.742719686478457	-0.000483061497389389	0.423306464745	0.14440079	0.	0
DOID:263	DOID:2476	1.44011842552718	0.000101713496147357	0.225	0.0746805146	5.07716091E-12	1.64438e-11
DOID:263	DOID:28	0.723059459483439	-0.000156454572764734	0.545021878211	0.0909375995	0.	0
DOID:263	DOID:2841	0.73531470455943	-0.00014827963938949	0.328571428572	0.0909708068	9.44200274E-12	2.94186e-11
DOID:263	DOID:3119	1.83137839930941	0.00109127744788192	0.164492753624	0.426557869	5.14301934E-11	1.11783e-10
DOID:263	DOID:319	4.16108600123575	0.00425584982448743	0.312599227632	0.117537312	4.16515711E-11	9.43683e-11
DOID:263	DOID:332	0.831799977356623	-0.000177212659525561	0.0737804878036	0.108533554	2.51696441E-11	6.64317e-11
DOID:263	DOID:3393	0.916488546688683	-0.00228011241471602	0.0436590765344	0.124335103	0.	0
DOID:263	DOID:3463	1.20509909913907	7.32792615298704e-05	0.432834101383	0.12080057	1.85726989E-11	5.25928e-11
DOID:263	DOID:37	1.26206742018928	0.000310345287514242	0.549467674182	0.13299492	2.05024886E-12	6.92631e-12
DOID:263	DOID:409	1.74473744283707	0.00112801863871605	0.414645565701	0.18662262	2.34170461E-11	6.42011e-11
DOID:263	DOID:440	26.6975800424655	0.00137930597322859	0.427552282817	0.00203389837	0.999998326	1
DOID:263	DOID:5093	1.83440032004255	0.000382060625155132	0.15	0.295289844	0.	0
DOID:263	DOID:5295	1.24665424048869	0.000237320297942262	0.42549580923	0.0774044767	1.10443876E-11	3.40582e-11
DOID:263	DOID:5656	1.31134209276594	0.000130604401027249	0.391209262436	0.	1.	1
DOID:263	DOID:5679	0.878654533043167	-3.5902540451951e-05	0.487970799831	0.154264972	5.28238564E-11	1.14262e-10
DOID:263	DOID:576	1.4694371143092	0.000736613920021723	-0.164075630253	0.0970822275	8.26660962E-12	2.60261e-11
DOID:263	DOID:6050	0.626251426474289	-0.000292914219971936	0.0022727272711	0.0123966942	0.0885288864	0.161075
DOID:263	DOID:7147	1.25216885218779	0.000299801793107268	0.0979166666664	0.101941749	0.	0
DOID:263	DOID:7148	0.633343953686676	-0.00230486286815749	0.3383640553	0.15090543	0.	0
DOID:263	DOID:8577	1.06382168261243	0.000154604096803726	0.287424242423	0.10148976	0.	0
DOID:263	DOID:863	0.310159553665818	-0.00048586147703	0.62998306911	0.0401459858	3.8798964E-12	1.28428e-11
DOID:263	DOID:8692	2.47906100394322	0.000260524717161196	0.056531531532	0.0614819899	0.	0
DOID:263	DOID:9074	0.633915142560824	-0.000807170611433436	0.363245614035	0.174908429	2.3491431E-11	6.43562e-11
DOID:263	DOID:9119	1.35046124728424	0.000118284167817456	0.0925526024365	0.0635175407	2.75289791E-11	7.1508e-11
DOID:263	DOID:930	3.85631711724501	0.000403390506239939	0.40029137529	0.0508849546	0.	0
DOID:263	DOID:9351	0.836309736270002	-0.00011101021783379	0.40639329806	0.0762589946	0.	0
DOID:263	DOID:936	1.37778309096137	0.00115188139606531	0.587727264005	0.0218479745	0.963534471	1
DOID:263	DOID:9370	0.703992982864201	-0.000138373645268793	0.40029137529	0.130010828	4.95603558E-12	1.61093e-11
DOID:263	DOID:9553	4.91694561602808	0.00263837821647425	0.449483306836	0.127303183	2.90764079E-11	7.46143e-11
DOID:263	DOID:9741	2.45650129814394	0.00068190204012243	0.220833333335	0.0190143585	0.789397546	1
DOID:263	DOID:0050700	1.13092572953239	0.000177472881159534	0.342361727299	0.0132877752	0.999170011	1
DOID:263	DOID:10595	1.48717103610948	0.00031338716857212	0.340602836878	0.	1.	1
DOID:263	DOID:10608	0.881630500978961	-8.56476778496607e-05	0.154629629631	0.0849740952	3.0863978E-11	7.58185e-11
DOID:263	DOID:10652	0.446609463305802	-0.00397955679787165	0.329363124561	0.082802549	2.72011302E-11	7.07073e-11
DOID:28	DOID:114	2.38233099804587	0.000896001319032401	0.122984167172	0.095561035	1.56590296E-11	3.89371e-11
DOID:28	DOID:11476	1.79670024852361	0.00126793210098508	0.689209058644	0.20522517	0.	0
DOID:28	DOID:11984	0.509760378939994	-0.000190293051335049	0.863170005779	0.00147885235	1.	1
DOID:28	DOID:12449	0.978059366073786	-6.14642147613066e-06	0.941193686041	0.0308039077	1.	1
DOID:28	DOID:13189	2.6800138943699	0.00130599157287256	0.521056805378	0.0481651388	0.	0
DOID:28	DOID:13580	0.66724686718331	-0.00015971580216787	0.500972987197	0.0676328465	4.94306152E-10	1.2083e-09
DOID:28	DOID:14330	0.847763167065613	-0.000206483802630716	0.390779458521	0.0211074557	0.998176665	1
DOID:28	DOID:2355	1.31632514966911	0.000956793977139584	0.613350877069	0.0987505987	0.	0
DOID:28	DOID:2377	1.7097571017959	0.000260537031520234	-0.00508491458766	0.0951830447	0.	0
DOID:28	DOID:2914	12.843792356186	0.000915287282742861	-0.324973486158	0.00225806446	1.	1
DOID:28	DOID:3393	1.11409922375549	0.000609055338723984	0.328951907249	0.0654856041	0.	0
DOID:28	DOID:3463	15.7202666859568	0.00102824559187046	0.419619914466	0.0559713617	0.	0
DOID:28	DOID:409	2.62612343709719	0.000481537864802112	0.34817780637	0.0842618421	0.	0
DOID:28	DOID:5614	45.0491224433389	0.0018176027897504	0.0390010510877	0.126568273	0.	0
DOID:28	DOID:5656	11.4041229359082	0.000853275534636253	0.528399689914	0.00068610633	1.	1
DOID:28	DOID:576	3.2627235784564	0.000694157225175463	0.174337864264	0.0724513158	0.	0
DOID:28	DOID:6050	3.26772775572397	0.000347468688020721	0.424038618885	0.0153953815	0.00390035512	0.00881734
DOID:28	DOID:7148	1.33836659288989	0.000415850823243368	0.291777786623	0.0537915565	0.	0
DOID:28	DOID:8577	1.02795053482681	1.32375226872662e-05	0.278234583485	0.062012624	0.	0
DOID:28	DOID:863	4.04596676099692	0.000419423556703243	0.0530139818476	0.0234246124	0.000330225416	0.000761312
DOID:28	DOID:9074	1.24039364535769	0.000103626398808041	0.0994276378779	0.0906411186	0.	0
DOID:28	DOID:930	100.609706790123	0.00275032970233818	0.539781501734	0.0182170551	0.	0
DOID:28	DOID:936	2.598490609655	0.000952882135070442	0.113033920086	0.0288621951	1.	1
DOID:28	DOID:9370	9.18344179625873	0.000747913237978055	0.539781501734	0.0538550951	0.	0
DOID:28	DOID:9741	9.15558504662397	0.000746500463245694	0.429278272652	0.0096198963	1.	1
DOID:28	DOID:10652	0.750458445413789	-0.000350840484888513	0.550779861359	0.0618518516	0.	0
DOID:2914	DOID:114	2.24586359226583	0.000565025655409108	0.270588329506	0.0819554254	2.81501489E-11	1.31904e-10
DOID:2914	DOID:11476	3.03712206353514	0.00226839754278393	0.664497370789	0.000686813204	0.999999976	1
DOID:2914	DOID:11984	2.08242537779742	0.000293977139005432	0.888602768725	0.0260936301	8.51382681E-06	3.63096e-05
DOID:2914	DOID:12449	9.98869139820037	0.00176185720838956	0.944194608537	0.0113516925	0.999488273	1
DOID:2914	DOID:13580	2.04433082711482	0.000350723529505191	0.352889753259	0.0102420859	0.997476315	1
DOID:2914	DOID:14330	1.0389608175102	3.69739101218824e-05	0.420791698985	0.00660660677	0.995266286	1
DOID:2914	DOID:2355	3.46744960922376	0.00522196640889836	0.578946503024	0.	1.	1
DOID:2914	DOID:2377	1.16408994164828	4.21446785266169e-05	-0.343961304623	0.	1.	1
DOID:2914	DOID:319	6.78800868347485	0.00106596777313711	0.377968402361	0.096945554	2.38541409E-11	1.13096e-10
DOID:2914	DOID:3393	1.03059401775842	0.000114264585887322	0.314133507343	0.0882838294	0.	0
DOID:2914	DOID:37	2.92412031508424	0.00031169459009573	-0.0870285885629	0.	1.	1
DOID:2914	DOID:440	26.3838245262593	0.00193560095703945	0.223417690636	0.100497514	0.	0
DOID:2914	DOID:576	3.33214322906185	0.000500590537710789	0.213802451673	0.385620922	0.	0
DOID:2914	DOID:6050	20.0235232691171	0.00203946747558735	0.455480244285	0.	1.	1
DOID:2914	DOID:7148	37.0624594954123	0.00165163939230125	0.0148808202393	0.	1.	1
DOID:2914	DOID:8577	2.0996436456037	0.000364392672274423	0.238609712382	0.	1.	1
DOID:2914	DOID:9074	10.9788033291234	0.00300972597924484	-0.278213653306	0.	1.	1
DOID:2914	DOID:936	4.42296273983829	0.0014276848076613	0.189402869766	0.0333751552	0.	0
DOID:2914	DOID:0050700	6.69625669547712	0.00105623722027673	0.679025229527	0.160101011	0.	0
DOID:2914	DOID:10608	7.83025444238264	0.000676048079400896	0.166523540111	0.	1.	1
DOID:2914	DOID:10652	28.4384252998909	0.00143759254583274	0.58093992385	0.00245098048	0.970938647	1
DOID:3119	DOID:114	1.29057669748609	0.000437614903288469	0.197536934499	0.095394738	6.42103037E-11	1.42304e-10
DOID:3119	DOID:11476	4.45716678545364	0.00111124836034127	0.46027131783	0.0679079965	1.68600689E-11	5.52279e-11
DOID:3119	DOID:11984	1.22814855775504	0.000205762850662597	0.602595099935	0.00109409192	1.	1
DOID:3119	DOID:12176	1.31602767903463	0.000285733477875198	0.450757575759	0.0935430452	0.	0
DOID:3119	DOID:12449	3.26271541423842	0.00147277980304651	0.687980030724	0.0789259598	3.24638094E-11	9.33302e-11
DOID:3119	DOID:1307	2.00014695437818	0.000195908749291279	0.279135338346	0.00170068024	0.999999999	1
DOID:3119	DOID:13189	1.08797033990968	0.000158890704013647	0.34008295626	0.0403508767	0.	0
DOID:3119	DOID:13580	29.6164864291094	0.0319136708640964	0.33738095238	0.0291048866	0.181463417	0.345864
DOID:3119	DOID:14330	2.00253376458627	0.00019625920520682	0.254411764708	0.00138504151	1.	1
DOID:3119	DOID:178	1.3435734945743	8.21139104675896e-05	0.129349281913	0.0338491313	1.97454275E-11	6.25474e-11
DOID:3119	DOID:1826	3.17225575562059	0.000337864579697954	0.53001718213	0.050343249	6.40951736E-11	1.42304e-10
DOID:3119	DOID:2355	2.36044736730973	0.00956095278236519	0.508775419981	0.0817497298	5.90605342E-11	1.38912e-10
DOID:3119	DOID:2377	0.844976482740833	-0.000132218436798686	0.271931853224	0.070774354	0.	0
DOID:3119	DOID:28	2.3307267982268	0.000341498809012928	0.274356735113	0.0422698334	1.21661581E-08	2.53438e-08
DOID:3119	DOID:2841	4.74046128452908	0.000951865169453742	0.152777777779	0.039085988	2.65198974E-11	8.08064e-11
DOID:3119	DOID:2914	2.38031673010396	0.000247844972359314	0.39216379621	0.00193798449	0.99999916	1
DOID:3119	DOID:319	1.8477012053474	0.000518431461177985	0.246576745589	0.0811475441	6.12432327E-11	1.40311e-10
DOID:3119	DOID:332	0.335155441326801	-0.000318190623181174	0.194892473119	0.0712187961	1.49846802E-11	5.03816e-11
DOID:3119	DOID:3393	1.01479768282271	0.000183528069803967	0.0074511953229	0.065882355	2.74658074E-12	2.35944e-11
DOID:3119	DOID:3463	2.9134084977835	0.00031054432328911	0.216478696742	0.0847784206	3.09207104E-11	8.97522e-11
DOID:3119	DOID:37	2.38784342332168	0.000746571072955687	0.332663583419	0.0599828623	1.56026303E-11	5.15988e-11
DOID:3119	DOID:409	6.32703098358551	0.00366519321902464	0.285707836763	0.083449237	2.33982833E-11	7.25266e-11
DOID:3119	DOID:440	3.59084870482873	0.000656046270768227	0.370907826256	0.	1.	1
DOID:3119	DOID:5295	11.653633991134	0.00465631803902516	-0.243609669385	0.0385793	3.72054416E-06	7.55415e-06
DOID:3119	DOID:5679	4.24841340436277	0.000436587685757796	0.461669746431	0.0882812515	6.41064979E-11	1.42304e-10
DOID:3119	DOID:576	2.26752990008553	0.000903481526613372	0.0458194905855	0.0559575483	2.10460538E-11	6.61922e-11
DOID:3119	DOID:6050	5.4504184960338	0.00158438356549952	-0.520833333334	0.00298062596	0.997227116	1
DOID:3119	DOID:7148	0.772730815734465	-0.000648971102006294	0.292919799499	0.072033897	1.8687274E-12	1.75126e-11
DOID:3119	DOID:8577	1.58756839355492	0.00064656134929354	0.190521355285	0.0507655106	0.	0
DOID:3119	DOID:863	1.49966335542743	0.00015986002524938	0.4833855379	0.0286094472	4.17309126E-07	8.52095e-07
DOID:3119	DOID:9074	0.996146248009262	-3.85980978734985e-06	0.330306122447	0.0858468711	3.47437634E-11	9.6676e-11
DOID:3119	DOID:9351	3.23493647175575	0.000688499856946944	0.284781576449	0.0554830283	1.8508084E-11	5.95693e-11
DOID:3119	DOID:936	1.92629419711876	0.00128295893877404	0.395815872093	0.00830964372	1.	1
DOID:3119	DOID:9370	5.10585180950293	0.000871872964625815	0.590309200603	0.0678899065	0.	0
DOID:3119	DOID:9553	5.73857501859456	0.00144989261079479	0.414601233752	0.081858404	3.05342418E-11	8.89903e-11
DOID:3119	DOID:9741	8.48393981154345	0.0015916221152604	0.286309523809	0.0117863724	0.999993928	1
DOID:3119	DOID:9970	67.1249317889318	0.0022357885088074	0.63601055807	0.0204081628	0.999545523	1
DOID:3119	DOID:0050700	1.41767596706047	0.000257184652966464	0.338217518411	0.00722021656	1.	1
DOID:3119	DOID:10608	3.55233550957514	0.000838903701746564	0.208857442348	0.0735294148	4.35103065E-11	1.08975e-10
DOID:3119	DOID:10652	1.49329183041898	0.00161140782212395	0.382653351543	0.0298507456	5.44964074E-11	1.29187e-10
DOID:319	DOID:114	0.903950479392534	-0.000148367938125687	0.290421856154	0.123565756	7.15139059E-11	1.35873e-10
DOID:319	DOID:11476	10.5921782245457	0.00316243479847181	0.500058045042	0.134259254	1.01487707E-11	3.07704e-11
DOID:319	DOID:11984	1.25725094683512	0.000237968658141575	0.476673514807	0.0174953956	0.000838748481	0.00148343
DOID:319	DOID:13580	1.11670383448345	0.000133493191908074	0.33466226935	0.0275322907	2.83936208E-11	6.8024e-11
DOID:319	DOID:178	2.55433473277276	0.000381026493272844	0.285096138838	0.002915452	0.387178964	0.6321
DOID:319	DOID:227	19.1039765343304	0.00162272002751477	0.193880798918	0.148989901	0.	0
DOID:319	DOID:2377	7.22892163421415	0.00544905057273386	0.264730717269	0.332541555	0.	0
DOID:319	DOID:2841	5.63270494568005	0.00120920087311495	0.371543264941	0.0890336558	1.60835789E-11	4.20504e-11
DOID:319	DOID:3393	0.770161978833622	-0.00292377666829021	0.172486483202	0.105798572	2.83906232E-12	9.07293e-12
DOID:319	DOID:37	1.51321616501178	0.000283168247727501	0.367499241062	0.210401893	1.26280097E-11	3.40816e-11
DOID:319	DOID:409	1.54213267654349	0.000382587499412612	0.385827350017	0.106241703	4.79530859E-11	1.00335e-10
DOID:319	DOID:440	9.10232262834002	0.0021043379645678	-0.312867978721	0.132124349	2.44582132E-13	8.05157e-13
DOID:319	DOID:5295	3.05590429236895	0.000921639960186878	0.25486562416	0.0545670241	2.22740715E-11	5.53096e-11
DOID:319	DOID:5656	12.0542723472286	0.0021605396272593	0.173862798955	0.184357539	0.	0
DOID:319	DOID:576	1.29327433254205	0.000214411788141562	0.0142459119707	0.16375199	1.26024746E-11	3.40597e-11
DOID:319	DOID:6050	2.87835084918186	0.000685882515598981	0.197161527464	0.0016129032	0.966365395	1
DOID:319	DOID:7147	14.262804127866	0.00734666513241454	0.193880798918	0.172185436	0.	0
DOID:319	DOID:7148	2.28523117025787	0.00376425984298353	0.341356411669	0.179039299	3.23852056E-13	1.06514e-12
DOID:319	DOID:8577	1.02618991487482	2.95596263157345e-05	0.231511367014	0.188911706	0.	0
DOID:319	DOID:863	12.8298823642085	0.00388200725465611	0.218706874682	0.0648508444	9.71622782E-12	2.95832e-11
DOID:319	DOID:9074	1.96666278980127	0.00099304900785444	0.312459735221	0.212500006	3.91744415E-11	8.74637e-11
DOID:319	DOID:936	3.70032183709128	0.0038361261604498	0.125856002367	0.0324123278	0.	0
DOID:319	DOID:9370	4.85349505258597	0.000839302053671689	0.555247718383	0.350769222	2.50810483E-12	8.0295e-12
DOID:319	DOID:9741	1.61292420689241	0.000133699564333401	0.274527050162	0.	1.	1
DOID:319	DOID:0050700	1.34760732371665	0.00021953714897663	0.350359352779	0.0595177002	3.10032E-11	7.27305e-11
DOID:319	DOID:10595	2.56322770318681	0.000468526433313406	0.281171987912	0.00336700329	0.0103563708	0.0180686
DOID:319	DOID:10608	0.675352261056981	-0.000109446094844974	0.211196160621	0.138817474	6.50548504E-11	1.24387e-10
DOID:332	DOID:114	0.948672158506536	-6.20463975354176e-05	0.359822907376	0.13493976	7.06341652E-11	1.261e-10
DOID:332	DOID:11476	1.10472509650756	0.000310827032218101	0.407142857144	0.223118275	1.06996634E-11	2.52812e-11
DOID:332	DOID:11984	0.733028705485911	-0.000193261816569173	0.344080338265	0.0121951215	0.25337482	0.375278
DOID:332	DOID:13580	1.05544141963088	4.96280309339118e-05	0.301020408161	0.0282834843	3.08967296E-11	6.26266e-11
DOID:332	DOID:178	2.08499421866233	0.000208140578046005	0.393468628629	0.00207039341	0.51436129	0.746507
DOID:332	DOID:231	2278.63805672059	0.0494506813935046	-1.54156327543	0.838775516	1.06810116E-11	2.52702e-11
DOID:332	DOID:2377	7.53973173709878	0.00447699506337825	0.272463768117	0.410462767	0.	0
DOID:332	DOID:2841	3.67818895354413	0.000547045859934937	0.263157894738	0.18200621	8.61077876E-12	2.07533e-11
DOID:332	DOID:319	11.1506633556183	0.00498282027282853	-0.838983050848	0.444881886	3.51667584E-11	6.99073e-11
DOID:332	DOID:3393	0.685623245434728	-0.00312961892071946	0.130272952853	0.144589558	0.	0
DOID:332	DOID:37	0.823449100113596	-7.62312203099419e-05	0.513648612882	0.270955175	0.	0
DOID:332	DOID:409	1.25877696205977	0.000142912267990328	0.495713410898	0.16947116	2.16846541E-11	4.68492e-11
DOID:332	DOID:440	117.019928733154	0.0235807309174667	-0.0488775028659	0.0640083924	7.29694083E-12	2.07533e-11
DOID:332	DOID:5295	0.623601000744551	-0.000132046098405901	0.325366610264	0.0854601711	9.84079485E-12	2.34981e-11
DOID:332	DOID:5656	6.55959138314672	0.000850342057165999	0.0824915824915	0.088359043	0.	0
DOID:332	DOID:576	1.40752604942397	0.000233157123312534	-0.171428571428	0.185513675	8.93396468E-12	2.14605e-11
DOID:332	DOID:6050	3.7591595512223	0.000788439804290524	0.0222222222231	0.0311653111	1.30832301E-09	2.28592e-09
DOID:332	DOID:7147	1.22548601369847	9.77446977759259e-05	-5.99964522507e-13	0.164930552	0.	0
DOID:332	DOID:7148	0.814234181045607	-0.000425777650979011	0.277777777777	0.148648649	6.87383483E-12	2.07533e-11
DOID:332	DOID:8577	1.67526989498438	0.000596432020506795	0.193301435407	0.212478921	0.	0
DOID:332	DOID:863	33.7446718472601	0.00840882412973544	0.458209087136	0.0737430155	0.	0
DOID:332	DOID:9074	0.95129051291662	-3.91586712843887e-05	0.294166666665	0.318840593	1.88909999E-11	4.15439e-11
DOID:332	DOID:936	1.12097857336824	0.000134494499191702	0.459977807963	0.0207910743	0.000108305207	0.000180492
DOID:332	DOID:9741	2.63312212245627	0.00027877934310244	0.29118852459	0.000462748721	1.	1
DOID:332	DOID:0050700	0.314284066993633	-0.00033890818124448	0.302040816328	0.0703883469	2.283429E-11	4.88648e-11
DOID:332	DOID:10595	6.9741772338223	0.00140122755073726	0.291666666664	0.00228832942	0.0152381617	0.0241243
DOID:332	DOID:10608	1.10252234509282	2.70473754420061e-05	0.0343434343425	0.129844964	4.88118435E-11	9.23993e-11
DOID:440	DOID:114	0.752892930360156	-0.000158042503465612	0.105008373199	0.0190288723	0.0247481064	0.107321
DOID:440	DOID:11476	2.41810806235456	0.0022269091443081	0.666617002629	0.	1.	1
DOID:440	DOID:11984	1.0471539881221	1.80603049753107e-05	0.479663628135	0.0297397766	2.03983001E-07	9.57049e-07
DOID:440	DOID:13580	1.3706640352981	0.000175548980395005	0.479103775116	0.0556088202	0.	0
DOID:440	DOID:3393	0.750200085203602	-0.000126687280770686	0.226370266839	0.0209111273	0.00299602419	0.0133617
DOID:440	DOID:37	4.41120860656431	0.000779285104705793	0.324610339818	0.	1.	1
DOID:440	DOID:409	3.59640299516876	0.000758649476959424	0.407459991597	0.00180018006	0.999795555	1
DOID:440	DOID:5295	2.22708288924962	0.000227759328463662	0.257616750045	0.000339443301	1.	1
DOID:440	DOID:5614	46.2701400273951	0.00184317124136056	0.127579795111	0.	1.	1
DOID:440	DOID:576	1.6755784425739	0.000204500444738768	0.1051884312	0.0686274543	0.	0
DOID:440	DOID:6050	16.7814834816067	0.0023859685331599	0.388277234291	0.00111111114	0.998670682	1
DOID:440	DOID:7147	2.91774059466868	0.000439833820268527	0.313622232466	0.	1.	1
DOID:440	DOID:7148	2.00909195552877	0.00122369436193948	0.456617002628	0.00122100126	0.992988305	1
DOID:440	DOID:8577	3.16743674069317	0.00101287337180709	0.357903678916	0.	1.	1
DOID:440	DOID:9074	3.39736918557312	0.00101970481367186	0.378658971961	0.00104384136	0.999597078	1
DOID:440	DOID:0050700	2.24482214470346	0.000325514454104544	0.253895914194	0.050627239	0.	0
DOID:440	DOID:10608	7.8749349242222	0.000959622339128376	0.326091972103	0.	1.	1
DOID:5093	DOID:114	1.67371441072665	0.000353939092920645	0.15587194595	0.154141098	2.81501489E-11	6.12211e-11
DOID:5093	DOID:11476	0.707310734273345	-0.000377540836958102	0.157352941176	0.0856929943	0.	0
DOID:5093	DOID:11984	0.775956602191957	-7.04859840246829e-05	0.467640692641	0.	1.	1
DOID:5093	DOID:12176	3.86044060181933	0.000902174018744855	0.247222222224	0.145228222	0.	0
DOID:5093	DOID:12449	2.97760145274049	0.000449022427251472	0.380400696867	0.0541191921	0.	0
DOID:5093	DOID:13189	0.38852511908715	-0.00038526735975455	0.0587995337973	0.042105265	0.	0
DOID:5093	DOID:13580	0.507841167412244	-0.000191463993121664	0.331547619047	0.0810362026	0.	0
DOID:5093	DOID:14330	0.580708807884268	-0.000460933298218125	0.178333333334	0.00239234441	0.999999266	1
DOID:5093	DOID:2355	1.79642828620003	0.00195248398945586	0.28826259947	0.104595184	5.25424149E-12	1.30112e-11
DOID:5093	DOID:2476	57.1921872395673	0.00205780827894603	0.1	0.0608417206	0.	0
DOID:5093	DOID:2841	218.782811503742	0.00407766329844785	0.114285714287	0.0692640692	0.	0
DOID:5093	DOID:3119	3.54782937573635	0.000529940029635885	0.0992753623175	0.181264281	1.04363185E-11	2.51028e-11
DOID:5093	DOID:319	23.6073452099707	0.00482302474958476	0.160700493455	0.0940397382	2.38541409E-11	5.22878e-11
DOID:5093	DOID:3393	0.644331468528464	-0.00153877669712089	-0.309282099936	0.0882838294	0.	0
DOID:5093	DOID:37	4.3583611461615	0.00063020153965763	0.314568345322	0.061340943	0.	0
DOID:5093	DOID:409	2.66498784314303	0.000399617128487343	0.326733477788	0.107068606	0.	0
DOID:5093	DOID:5295	3.30060275975472	0.000350758235331693	0.248751623185	0.0642437562	0.	0
DOID:5093	DOID:7147	2.16208896074286	0.000218928399152541	0.0666666666664	0.0480769239	0.	0
DOID:5093	DOID:7148	0.548493058071641	-0.000449749421811081	0.0964285714304	0.0589849092	0.	0
DOID:5093	DOID:8577	1.04316333343947	1.65686707091703e-05	0.207424242423	0.0827770382	0.	0
DOID:5093	DOID:9074	1.88812563352544	0.00031029724687943	0.215877192983	0.100241549	0.	0
DOID:5093	DOID:936	2.30732781406998	0.000631640096187586	0.449589125867	0.0277015232	2.39723699E-08	4.93396e-08
DOID:5093	DOID:9553	6.73342311906973	0.000611960577241143	0.260294117647	0.106818184	0.	0
DOID:5093	DOID:10652	0.661358727904441	-0.000385889363159849	0.308954961295	0.0500641838	0.	0
DOID:5614	DOID:114	13.1944486045617	0.000931469999765213	0.324972062013	0.188370183	8.38723535E-11	1.88074e-10
DOID:5614	DOID:11476	4.46077303081723	0.000649059131987735	0.750309214598	0.309990674	3.21991322E-11	1.24942e-10
DOID:5614	DOID:3393	2.19433524922054	0.000751294858881756	0.361525161205	0.172381833	1.10570442E-11	1.07596e-10
DOID:5614	DOID:5295	15.5341801528755	0.00102140230139479	0.211031610369	0.11919748	4.38238335E-11	1.33462e-10
DOID:5614	DOID:576	5.84368402111593	0.000555134601331336	0.286023500311	0.196793005	4.98443509E-11	1.41153e-10
DOID:5614	DOID:7147	102.266807843137	0.0027738556306557	0.393859227193	0.209897608	0.	0
DOID:5614	DOID:7148	3.70624594954123	0.000391947097931477	0.464202464202	0.212837845	3.04807291E-11	1.24942e-10
DOID:5614	DOID:9074	5.92426815693223	0.000793022053861876	0.195878108821	0.457482994	6.37166986E-11	1.62731e-10
DOID:5614	DOID:9741	65.5922510802912	0.00220877525573713	0.465855377709	0.00227790442	0.999999995	1
DOID:5656	DOID:114	1.32941547653015	0.000158547298803726	0.484107240067	0.0138781806	0.0430046139	0.209394
DOID:5656	DOID:11476	1.96633571887409	0.00114195061666595	0.518858800776	0.	1.	1
DOID:5656	DOID:11984	1.84900490094104	0.000244705068789751	0.777272727274	0.0186500885	0.000695951155	0.00366568
DOID:5656	DOID:13580	0.605060131450861	-0.000140758606060305	0.376250798382	0.009552042	0.752014623	1
DOID:5656	DOID:3393	1.22828729315451	0.000904844704710628	0.149285190617	0.0263636354	8.60772347E-08	4.87546e-07
DOID:5656	DOID:409	1.58758091915195	0.000129200104125784	0.62603417709	0.	1.	1
DOID:5656	DOID:576	2.95864102832318	0.000446169048828834	-0.0578889195914	0.0658174083	0.	0
DOID:5656	DOID:6050	5.92635764262281	0.000560491385764443	0.326156299841	0.	1.	1
DOID:5656	DOID:7147	7.72797036598014	0.00116120513371174	0.156565656567	0.014159292	0.00695328786	0.0354343
DOID:5656	DOID:7148	1.49370113835415	0.000450539073685301	0.423549783549	0.	1.	1
DOID:5656	DOID:8577	1.24286210759917	8.54072228991508e-05	0.327272727274	0.	1.	1
DOID:5656	DOID:9074	0.749860138251498	-8.00660814841268e-05	0.4298989899	0.	1.	1
DOID:5679	DOID:114	2.67229338826567	0.000567687030330418	0.361229823364	0.192035392	8.1744167E-11	1.58056e-10
DOID:5679	DOID:11476	1.0163786652495	1.36514709390991e-05	0.717271118974	0.142480209	2.19462226E-11	6.88582e-11
DOID:5679	DOID:11984	3.71673390214477	0.000552282805038932	0.868291804147	0.0076923077	0.721013278	1
DOID:5679	DOID:13580	1.21624745410629	5.43596478623775e-05	0.581932773108	0.0164095834	0.00757304036	0.0126147
DOID:5679	DOID:3393	1.07402062831047	0.00020693155879114	0.333561037317	0.183486238	5.24313926E-12	2.13996e-11
DOID:5679	DOID:37	5.21899954970731	0.000511570326133872	0.36943202883	0.276688457	2.1768809E-11	6.88582e-11
DOID:5679	DOID:576	2.97362148922608	0.000317095521772208	0.268022998675	0.122627735	2.90195645E-11	8.14806e-11
DOID:5679	DOID:7147	5.17806621990568	0.0005086064316361	0.417901511748	0.25	0.	0
DOID:5679	DOID:7148	1.31360615933107	0.000201852702569715	0.55553525758	0.265979379	1.52646784E-11	5.58004e-11
DOID:5679	DOID:8577	1.24915508029587	6.17996818618702e-05	0.373864404695	0.248565972	0.	0
DOID:5679	DOID:9074	1.50731379689035	0.00011453124818167	0.244932282191	0.293814421	5.08336706E-11	1.15397e-10
DOID:5679	DOID:930	366.779690576653	0.00528935337915925	0.811120252299	0.102362208	0.	0
DOID:5679	DOID:10608	13.9755174224804	0.00096131166554653	0.359477124181	0.193995386	5.34903233E-11	1.17535e-10
DOID:863	DOID:114	2.35825712324607	0.00109759136051605	0.226877746821	0.238645747	1.70201631E-11	3.91388e-11
DOID:863	DOID:11476	2.57910231776696	0.000272350665360242	0.786959153268	0.0692194402	0.	0
DOID:863	DOID:11984	2.29597167994421	0.000627151001223437	0.918020925782	0.027777778	1.01965443E-06	2.05641e-06
DOID:863	DOID:13580	1.07331935739943	4.38739231889666e-05	0.584688890631	0.0178515501	0.157162146	0.263095
DOID:863	DOID:178	9.32937091406816	0.00106816084179055	0.0356259935552	0.	1.	1
DOID:863	DOID:3393	1.01970896299793	0.000131159552201976	0.442125672379	0.191296458	0.	0
DOID:863	DOID:37	0.921137096574793	-2.27630691230544e-05	0.191839418426	0.0648415014	0.	0
DOID:863	DOID:409	3.37946179572829	0.0008784514341298	0.390667035921	0.0291262139	7.50072308E-08	1.54555e-07
DOID:863	DOID:440	29.0894043871961	0.00381647408055938	-0.234660307111	0.0054794522	0.953879164	1
DOID:863	DOID:5295	11.1612876165432	0.00238298317692616	0.135514836585	0.037647903	0.	0
DOID:863	DOID:5614	57.9720610530902	0.00293079699410689	0.0416764565983	0.0858695656	0.	0
DOID:863	DOID:5656	14.6755469416513	0.00139826861419014	0.473057869363	0.0105386414	0.170413828	0.263095
DOID:863	DOID:5679	14.7498535084445	0.00099157513467575	0.364743536784	0.171465963	1.57942548E-11	3.63661e-11
DOID:863	DOID:576	2.6241744598845	0.000621185213652635	0.2901162172	0.0393362008	0.	0
DOID:863	DOID:6050	4.2051188277413	0.00061225308302373	0.559796252639	0.0843989775	0.	0
DOID:863	DOID:7147	1.82782498379155	0.000239887294897213	0.45909329059	0.0969609246	0.	0
DOID:863	DOID:7148	1.25860005435717	0.000396224006919176	0.51362018032	0.0638002753	0.	0
DOID:863	DOID:8577	1.32283178744469	0.000190614077782015	0.422946751052	0.0563564859	0.	0
DOID:863	DOID:9074	2.39432553527489	0.00074933098349448	0.385474009399	0.0571761951	0.	0
DOID:863	DOID:10595	6.2412342108576	0.000821786970067961	0.608769863655	0.	1.	1
DOID:863	DOID:10608	2.46663511254681	0.000258656737021427	0.417144899521	0.060126584	8.26405611E-12	1.92242e-11
DOID:8692	DOID:114	3.76984245844621	0.000559774087909478	0.227197189332	0.0451211371	4.9252824E-11	1.66234e-10
DOID:8692	DOID:11476	41.2287927654462	0.00173521863782185	0.372549019608	0.0479621701	0.	0
DOID:8692	DOID:1240	292.880008984726	0.00667982316053047	-0.949617633828	0.769296169	0.	0
DOID:8692	DOID:12449	50.300195969509	0.00430608831422907	0.501904761905	0.665903866	0.	0
DOID:8692	DOID:13189	1.31265986663016	7.57810747182619e-05	0.0914657481823	0.00803316943	0.0198386864	0.0428098
DOID:8692	DOID:14330	111.140623934538	0.00289337658398825	0.171428571431	0.00329421461	1.	1
DOID:8692	DOID:2355	8.71498030125758	0.00106506222301436	0.298747947457	0.424197167	1.88887794E-11	7.61461e-11
DOID:8692	DOID:2377	11.7240486980291	0.00122738161040181	0.0765288087687	0.0401459858	0.	0
DOID:8692	DOID:2914	132.10757852077	0.0031590431673217	0.245274691226	0.00877192989	0.999997216	1
DOID:8692	DOID:3393	1.62543351794114	0.000152373928725786	0.0363061353577	0.0405529961	0.	0
DOID:8692	DOID:409	9.00385178433322	0.000738987499260379	0.21055399061	0.0505299494	0.	0
DOID:8692	DOID:7148	2.11785482830928	0.000428347873217855	0.0714285714285	0.0166495908	6.67332634E-09	2.20691e-08
DOID:8692	DOID:9119	8455.9130998703	0.0254633219029367	-1.48497562535	0.997056484	3.78075349E-12	1.86607e-11
DOID:8692	DOID:936	4.45455533083714	0.000642069986290587	0.419249999278	0.0205078125	1.	1
DOID:8692	DOID:0050700	22.480290334816	0.00177489273653148	0.324185985074	0.0192949902	1.	1
DOID:8692	DOID:10652	0.812526437139741	-8.21803487680999e-05	0.215067165215	0.0347938128	0.	0
DOID:9119	DOID:114	0.5134026694382	-0.000188430506347216	0.317395773237	0.0473333336	6.84693413E-11	2.28738e-10
DOID:9119	DOID:11476	0.433927337628135	-0.000538217875269159	0.316299469605	0.0497299731	1.45579104E-11	8.55383e-11
DOID:9119	DOID:12176	1.42100264954128	9.78748270327479e-05	0.116180528181	0.0367325954	0.	0
DOID:9119	DOID:1240	319.091060372464	0.0139487679177532	-0.785072550189	0.77088207	7.13107351E-12	4.69506e-11
DOID:9119	DOID:12449	54.8017699278697	0.00900439670200267	0.481987126246	0.664729059	2.03760342E-11	1.10385e-10
DOID:9119	DOID:13189	2.86027052650929	0.00086394977802918	0.1614170713	0.0093143601	0.00106293259	0.00232006
DOID:9119	DOID:13580	0.934664872319034	-1.87351583988059e-05	0.170335969304	0.292083174	1.64779301E-11	9.314e-11
DOID:9119	DOID:14330	0.118752817176506	-0.000714083308667043	0.17831581183	0.0036991369	1.	1
DOID:9119	DOID:2355	4.2218484338777	0.00582203360146265	0.345702954417	0.426225424	4.094447E-11	1.65614e-10
DOID:9119	DOID:2914	35.9826089356183	0.00161511603779346	0.335158186101	0.00874911342	0.99999752	1
DOID:9119	DOID:3393	0.626139759829466	-0.00119225248477236	0.0529389104039	0.0421270728	0.	0
DOID:9119	DOID:409	4.90482198368347	0.000690817075939251	0.249274512843	0.0524630547	2.26215713E-11	1.19151e-10
DOID:9119	DOID:7148	0.576847618605639	-0.000310693213871861	0.116572210279	0.0186844133	9.39159861E-12	5.94472e-11
DOID:9119	DOID:8577	0.959953806842159	-1.1330856092411e-05	0.100453035336	0.040922042	0.	0
DOID:9119	DOID:8692	2355.57579210673	0.0484422446612707	-1.48497562535	0.997056484	0.	0
DOID:9119	DOID:9074	2.31668852051241	0.000339090297203164	0.269457364343	0.0548015349	2.66129341E-11	1.30284e-10
DOID:9119	DOID:936	3.03325752099805	0.00072411304900156	0.502705261339	0.0210452955	1.	1
DOID:9119	DOID:10652	0.442621405445773	-0.000468168299396106	0.339035908404	0.0349614397	2.91324742E-11	1.37399e-10
DOID:930	DOID:114	2.93209968990261	0.000313071589183045	0.553994574953	0.0469867215	4.47983872E-11	1.17295e-10
DOID:930	DOID:11476	0.495641447868581	-0.000200658683645865	0.371082621084	0.0449197851	0.	0
DOID:930	DOID:3393	1.02944122802939	3.92868773011087e-05	0.250902323481	0.0358024687	0.	0
DOID:930	DOID:409	14.0059916645183	0.000962804097077123	0.452832378888	0.0209424086	5.30929745E-11	1.32699e-10
DOID:930	DOID:7148	1.64722042201833	0.000198847357707187	-0.0138861138853	0.154150203	0.	0
DOID:9351	DOID:114	1.2717540823674	0.000211451641009864	0.175106782945	0.295136034	3.14921422E-11	6.12526e-11
DOID:9351	DOID:11476	22.2536134444818	0.00352961422886012	0.601360830528	0.104423493	0.	0
DOID:9351	DOID:11984	0.353761419601731	-0.000301124287152512	0.745876640804	0.0255847946	4.02839664E-05	7.00793e-05
DOID:9351	DOID:12449	3.3937481617982	0.00080498910964881	0.835725850755	0.00453141099	1.	1
DOID:9351	DOID:13189	216.684968840881	0.00405805647461735	0.409305385972	0.0600558668	0.	0
DOID:9351	DOID:13580	1.15763311896863	9.08262918630834e-05	0.310340666482	0.0243676752	0.0015124323	0.00256552
DOID:9351	DOID:14330	209.962046179947	0.021134992718337	0.226929012348	0.16366066	0.	0
DOID:9351	DOID:178	5.03111617004447	0.000497766951976959	-0.0446975802806	0.0272000004	0.	0
DOID:9351	DOID:1826	59.3938005329446	0.00469247656907753	0.553005215554	0.0602678582	3.1864289E-11	6.18764e-11
DOID:9351	DOID:2355	2.38769460301925	0.00503868247244435	0.506494059366	0.0571428575	1.11298748E-11	2.24589e-11
DOID:9351	DOID:2377	0.791020153120033	-9.2087885617262e-05	-0.299389687072	0.146862477	0.	0
DOID:9351	DOID:28	8.7275890227577	0.0010245849451998	-1.12842935915	0.047886394	0.	0
DOID:9351	DOID:2841	48.8153284323736	0.00628667598566139	0.0906285072961	0.253371865	0.	0
DOID:9351	DOID:319	0.768762429212814	-7.30652053799772e-05	0.342668812176	0.134860054	4.41491288E-12	9.73061e-12
DOID:9351	DOID:332	2.51003159432217	0.000373385075952755	0.42901234568	0.14159292	0.	0
DOID:9351	DOID:3393	1.44761500778565	0.00286825054523545	0.229140486523	0.32790029	0.	0
DOID:9351	DOID:409	1.21497759017509	7.64202589005804e-05	0.200647881352	0.104492188	0.	0
DOID:9351	DOID:5295	3.00951345612334	0.000453773829476659	-0.0594632476037	0.0593068935	0.	0
DOID:9351	DOID:576	3.96244020130608	0.00109097379636044	0.0526595318267	0.195386708	0.	0
DOID:9351	DOID:7147	0.985704171982046	-3.98891082215287e-06	0.193380161769	0.0766233802	0.	0
DOID:9351	DOID:7148	1.35746839597655	0.000527382991972393	-0.00936300446089	0.11733333	0.	0
DOID:9351	DOID:8577	0.713372901277402	-0.000162956700906467	0.141636280884	0.0935162082	0.	0
DOID:9351	DOID:863	2.8078034389569	0.000298825220137906	0.17493630541	0.26440677	0.	0
DOID:9351	DOID:8778	1.62899911766313	0.000193083537562381	0.0125925104998	0.103806227	2.91400237E-12	6.50602e-12
DOID:9351	DOID:9074	1.43467216812455	0.000224930131477298	-0.143645882169	0.106455266	0.	0
DOID:9351	DOID:936	4.80877298365069	0.00272554002629153	0.188509010664	0.00649506878	1.	1
DOID:9351	DOID:9553	3.06979193765781	0.000327203868535087	0.660582068541	0.118279569	0.	0
DOID:9351	DOID:0050700	0.758371240210662	-7.68701715042812e-05	0.539629104231	0.133877158	0.	0
DOID:9351	DOID:10652	3.61819001405841	0.00441882059344623	0.37867233244	0.128991067	0.	0
DOID:936	DOID:114	1.65340804208684	0.0022858335381302	0.209728306966	0.0207960643	0.998716717	1
DOID:936	DOID:11476	1.93247641621089	0.000696237582759279	0.710005275961	0.00646167574	1.	1
DOID:936	DOID:11984	1.47456991191366	0.000994210270639869	0.920596191276	0.0494033396	3.87629928E-11	1.59472e-10
DOID:936	DOID:13580	1.47057277787483	0.00121903466945026	0.55871560677	0.0167444851	1.	1
DOID:936	DOID:178	3.9944771581566	0.0016624434913795	-0.144501068407	0.000275103172	0.998144006	1
DOID:936	DOID:227	3.73435776237844	0.000555060369431348	0.452614073893	0.0080710249	0.0126610681	0.0389107
DOID:936	DOID:2841	4.94950592315237	0.000492422581014923	0.442116682076	0.00561929308	1.	1
DOID:936	DOID:3393	1.22583870819284	0.0065063282273516	0.389664009453	0.0164809655	0.999361348	1
DOID:936	DOID:3463	2.70676105172395	0.000643453881317202	0.607990434622	0.0145411203	0.997632169	1
DOID:936	DOID:37	0.788790825381438	-0.000263919980814339	0.273401994903	0.00848356355	0.170171116	0.497954
DOID:936	DOID:409	4.31072108098219	0.00529130810525905	0.306358769631	0.00536193047	1.	1
DOID:936	DOID:440	23.9860671660461	0.00130184845136709	0.189271879601	0.0358030833	0.	0
DOID:936	DOID:5295	2.31474738216393	0.00133479934013373	0.184714313606	0.328947365	0.	0
DOID:936	DOID:5614	15.59094365793	0.00102499696186144	0.167362217906	0.00793650839	0.999987788	1
DOID:936	DOID:5656	2.35631390296171	0.000600354202293969	0.391019560506	0.043293491	0.	0
DOID:936	DOID:5679	1.5788297375119	0.000180709018823002	0.387518967473	0.00558659201	0.999992054	1
DOID:936	DOID:576	2.07860522599193	0.00178588047502838	0.229555297807	0.0418400876	5.28551486E-05	0.000174635
DOID:936	DOID:6050	9.17114332819411	0.000748422301153312	0.490699746873	0.	1.	1
DOID:936	DOID:7147	1.6630339901792	0.000831775161310174	0.452614073893	0.00658241194	0.828277439	1
DOID:936	DOID:7148	1.24085142752959	0.00159758080905954	0.476400897396	0.00815574825	0.483519543	1
DOID:936	DOID:8577	1.38056490424416	0.000972767053437692	0.356760724344	0.00545454537	0.997797266	1
DOID:936	DOID:863	6.54847499484101	0.00412348875995877	-0.773767106241	0.0043956046	1.	1
DOID:936	DOID:8778	0.808344454072844	-0.000264509785802583	0.321763699208	0.00765110925	0.996011572	1
DOID:936	DOID:9074	2.2638904489597	0.00294049454249887	0.379426127817	0.00710119214	0.99963229	1
DOID:936	DOID:9370	2.21372425163306	0.000598685548677808	0.82345566584	0.00484783202	0.514861511	1
DOID:936	DOID:9741	3.15287030494034	0.00106354617770378	0.483537840871	0.00358829089	1.	1
DOID:936	DOID:0050700	1.69344065799384	0.000991844681736162	0.621903589953	0.0377760567	0.977849375	1
DOID:936	DOID:10595	1.67016000620568	0.000454889200909019	0.661075612354	0.000278629159	0.125148197	0.3674
DOID:936	DOID:10608	1.18813287825038	0.000143637504979616	0.389781984431	0.00457235053	0.662269098	1
DOID:9370	DOID:114	1.60581524599129	0.000324927486185636	0.553994574953	0.133874238	1.19834143E-11	2.73647e-11
DOID:9370	DOID:11476	1.49295649104431	0.000649171259432209	0.371082621084	0.131078228	0.	0
DOID:9370	DOID:11984	2.23343289758699	0.000396168279734749	0.688061938063	0.	1.	1
DOID:9370	DOID:13580	2.43619545827578	0.00057041236732356	0.219579201287	0.0105708241	2.34586802E-05	5.1421e-05
DOID:9370	DOID:3393	0.974271003147275	-0.000113644014894366	0.250902323481	0.110846244	0.	0
DOID:9370	DOID:3463	22.9586044906468	0.00126921607696864	0.583516483517	0.115862072	0.	0
DOID:9370	DOID:409	2.55687474605812	0.000381487451868194	0.452832378888	0.122516558	0.	0
DOID:9370	DOID:5295	6.33340813535085	0.000830165372941949	0.542781140181	0.051046025	0.	0
DOID:9370	DOID:576	1.19125810166765	4.85507381130392e-05	-0.0614570614588	0.100925148	0.	0
DOID:9370	DOID:7148	1.27801584466939	0.000282728302113122	-0.0138861138853	0.336805552	0.	0
DOID:9370	DOID:8577	0.500422167055649	-0.000195780487136647	0.440086384205	0.265671641	0.	0
DOID:9370	DOID:8778	1.71408375717597	0.000151096927921578	0.407225403704	0.197149649	0.	0
DOID:9370	DOID:9074	1.2076854964943	7.40803868861701e-05	0.19407925408	0.300248146	0.	0
DOID:9370	DOID:930	587.740274960559	0.0134053651206551	-2.46153846154	0.345070422	0.	0
DOID:9370	DOID:10608	5.59871134064885	0.000538301301419725	0.0836515730137	0.268722475	0.	0
DOID:9553	DOID:114	1.41806482315759	0.000323093346101397	0.571990290519	0.125098974	6.134937E-11	1.43826e-10
DOID:9553	DOID:11476	11.1519325770431	0.000851480297172054	0.694971537003	0.152812764	0.	0
DOID:9553	DOID:11984	2.15160218565781	0.000532972483880735	0.747531879884	0.	1.	1
DOID:9553	DOID:12449	1.3760678916915	0.000125610865199327	0.663865546219	0.00574468076	0.999999999	1
DOID:9553	DOID:13189	1.43642310759724	0.000404504189378558	0.432730015084	0.111313872	0.	0
DOID:9553	DOID:13580	4.22448431787772	0.0018453289222173	0.626563958917	0.0298798308	1.63624669E-12	5.53807e-12
DOID:9553	DOID:14330	0.745468344268737	-0.000411619401758385	0.445223195661	0.0127226459	0.328239573	0.672509
DOID:9553	DOID:2355	2.09466062932034	0.0039477713826989	0.643684922244	0.0806023031	3.01103587E-11	7.93559e-11
DOID:9553	DOID:2377	0.400920082492445	-0.000262199742343966	0.691478815997	0.252650172	0.	0
DOID:9553	DOID:28	8.84696982033328	0.00103336878842414	0.533731098027	0.0738898739	0.	0
DOID:9553	DOID:2841	8.99691846135588	0.00104430175187175	0.612652608215	0.084825635	0.	0
DOID:9553	DOID:2914	9.0352032207659	0.000740374229900021	0.758015243677	0.00205761311	0.997756394	1
DOID:9553	DOID:332	2.54436519698021	0.000379289073445595	0.340557275542	0.252840906	0.	0
DOID:9553	DOID:3393	1.21907513845585	6.16299752132835e-05	0.453708096142	0.0948581547	0.	0
DOID:9553	DOID:3463	11.0587122754166	0.000837744044516189	0.483478137018	0.0999010876	4.34019487E-12	1.4327e-11
DOID:9553	DOID:37	2.0141717851826	0.000279959544382726	0.775709920597	0.159929708	0.	0
DOID:9553	DOID:409	9.85277381382825	0.00312567692821023	0.689999623407	0.0997757837	0.	0
DOID:9553	DOID:5295	7.62669812097696	0.00148626112256039	0.662599931267	0.110015772	2.93298719E-12	9.87147e-12
DOID:9553	DOID:576	4.01664065349786	0.00110341202066526	0.212252642993	0.0936227962	1.20237154E-11	3.61513e-11
DOID:9553	DOID:7148	1.59330553766306	0.000869393271021766	0.62875658738	0.135313526	0.	0
DOID:9553	DOID:8577	0.964174414688558	-2.02300834826769e-05	0.452718360071	0.155802861	0.	0
DOID:9553	DOID:8778	1.6512814700298	0.000198569863515399	0.605972734806	0.135021091	1.98827621E-11	5.60812e-11
DOID:9553	DOID:9074	1.74515569058629	0.000382985410809403	0.689786871271	0.183118746	2.21567209E-11	6.17308e-11
DOID:9553	DOID:936	1.37096720001338	0.00026366494495362	0.776672760304	0.0396907218	0.	0
DOID:9553	DOID:9370	12.9205238755374	0.00129896769280534	0.704524886878	0.23839663	0.	0
DOID:9553	DOID:9741	12.8813311843073	0.00129666517731892	0.59867131063	0.00138440239	1.	1
DOID:9553	DOID:10608	2.69679012304825	0.000286190717065433	0.555555555555	0.104672894	2.8698266E-11	7.6023e-11
DOID:9553	DOID:10652	0.805778538052601	-0.000325575585677504	0.725548990212	0.0810014755	3.8256065E-12	1.26981e-11
DOID:9970	DOID:11476	230.881239486498	0.00419010402699037	0.603276353278	0.150581241	0.	0
DOID:9970	DOID:2355	2.61449409037728	0.000643407860517168	0.833143422873	0.0669472814	7.10287384E-12	3.2276e-11
DOID:9970	DOID:3393	1.17031213291762	0.000119780147768802	0.497405819989	0.0499745011	0.	0
DOID:9970	DOID:7148	2.96499675963299	0.000318183106615027	0.637162837162	0.0246771872	0.	0
DOID:10155	DOID:114	1.85022942745826	0.00049055683436437	0.292016786661	0.244897962	7.44349027E-11	1.67956e-10
DOID:10155	DOID:11476	5.05874757858235	0.000499809747708582	0.422619047618	0.130087793	4.13312717E-11	1.15462e-10
DOID:10155	DOID:11984	1.28668702133846	9.90556268666437e-05	0.528950216449	0.00154559501	0.99998804	1
DOID:10155	DOID:12176	0.640136162895896	-0.000124651092760448	0.373973727422	0.201526716	0.	0
DOID:10155	DOID:12449	2.46872127457713	0.000366242844337788	0.611111111111	0.0311284047	3.12616599E-11	1.01168e-10
DOID:10155	DOID:13189	1.28850048258175	0.000199632222250167	0.265401265403	0.0939597338	0.	0
DOID:10155	DOID:1324	1.20629773233061	0.000147562010765347	0.111904761905	0.111870199	4.51637616E-11	1.22519e-10
DOID:10155	DOID:13580	2.94734812498149	0.000832004982404332	0.42619047619	0.047246661	3.84164922E-11	1.13241e-10
DOID:10155	DOID:14330	1.0699202108453	8.44161564849655e-05	0.264682539683	0.011757426	0.580858081	0.99797
DOID:10155	DOID:178	9.14948821458569	0.000746189780138382	0.243794116018	0.0721442923	1.69672054E-11	6.37684e-11
DOID:10155	DOID:1826	21.6024778450237	0.00122764568523785	0.371158493248	0.0919689089	7.56638086E-11	1.69912e-10
DOID:10155	DOID:2355	3.04756979859928	0.00551289882252745	0.503628899836	0.099645704	6.36846131E-11	1.5077e-10
DOID:10155	DOID:2377	1.43853358258025	0.000143291083633173	0.370404566058	0.173166931	0.	0
DOID:10155	DOID:2394	5.42329208703785	0.00189862428036175	-0.0486635332105	0.0567567572	6.48037179E-12	3.02473e-11
DOID:10155	DOID:263	2.12925485001258	0.000567871778605272	0.270775729647	0.382089555	4.47378801E-11	1.21961e-10
DOID:10155	DOID:2841	8.0704172175265	0.000689314146321455	0.172161172162	0.0934065953	3.33545414E-11	1.0575e-10
DOID:10155	DOID:3119	5.88299139254442	0.00111543134762701	-0.972744360903	0.217741936	7.50168816E-11	1.69163e-10
DOID:10155	DOID:332	2.28234687038497	0.000235122750081526	0.166666666667	0.121212125	4.5404458E-11	1.22836e-10
DOID:10155	DOID:3393	0.970131661453037	-0.00014191938681592	0.0570881467924	0.157608703	1.52737822E-11	5.83769e-11
DOID:10155	DOID:409	3.31430127030671	0.000610033132585651	0.409792085846	0.232250303	5.07633935E-11	1.31388e-10
DOID:10155	DOID:440	8.15100626249467	0.000693715590428336	0.454974966504	0.	1.	1
DOID:10155	DOID:5295	5.47304156131108	0.000748979058927861	-0.206856616577	0.0764595121	3.542866E-11	1.08144e-10
DOID:10155	DOID:576	4.11772300874427	0.000851374170788803	-0.0595238095235	0.0938532725	3.82094356E-11	1.13185e-10
DOID:10155	DOID:7148	0.649648720340269	-0.000383274911060254	0.416666666665	0.164012745	5.57720536E-12	2.6582e-11
DOID:10155	DOID:8577	1.29732582835286	0.000125344657720788	0.229758557592	0.127379209	0.	0
DOID:10155	DOID:863	5.10621571940015	0.000503298940761945	0.584415519734	0.0443756431	2.82084356E-11	9.38028e-11
DOID:10155	DOID:9074	0.521813277626371	-0.000183485408045118	0.402759462759	0.200000003	4.55033788E-11	1.22978e-10
DOID:10155	DOID:9351	5.50733049639399	0.00053196119521748	0.396799460524	0.0950454995	3.53581608E-11	1.08021e-10
DOID:10155	DOID:936	1.36642801559421	0.000194434963215323	0.497863003369	0.0282471627	1.07091114E-10	2.21424e-10
DOID:10155	DOID:10608	4.83815020322503	0.000483301555208761	0.21658312448	0.0931034461	7.70018493E-11	1.70438e-10
DOID:10155	DOID:10652	1.34590268728669	0.000432889805649062	0.354425402995	0.105263159	5.51827473E-11	1.3788e-10
DOID:1024	DOID:114	2.53333413207585	0.000654754653984197	1.02151594248	0.00443156622	1.	1
DOID:1024	DOID:11476	3.49724605616071	0.00261822864133684	0.683048433049	0.00343347644	1.	1
DOID:1024	DOID:11984	2.34897582615549	0.000344956138857118	1.13971028971	0.137266591	8.00526312E-11	4.75832e-10
DOID:1024	DOID:13189	1.17614324050062	9.02066742860946e-05	0.692307692311	0.00335702999	0.994647706	1
DOID:1024	DOID:1324	0.275277142517846	-0.000383654822862662	0.482630272952	0.00157287659	1.	1
DOID:1024	DOID:13580	2.30600517298552	0.000412967448130632	0.471924417046	0.0147371218	1.	1
DOID:1024	DOID:14330	49.790999522673	0.00270820298969649	0.31168753727	0.00165180047	1.	1
DOID:1024	DOID:2355	1.81968788690258	0.00163334684032648	1.07149661897	0.0043591978	1.	1
DOID:1024	DOID:2394	0.761597079545869	-7.57344674497272e-05	0.806033182504	0.000191938583	1.	1
DOID:1024	DOID:2841	29.4667073446328	0.00205398836269594	0.314756671898	0.00267475029	1.	1
DOID:1024	DOID:2914	29.5920975886525	0.0014556529662551	0.950080681836	0.0149086844	0.905491533	1
DOID:1024	DOID:3119	5.36999454311454	0.000738799127847528	0.919268476622	0.00405748095	1.	1
DOID:1024	DOID:319	51.0458252997309	0.00867814444292286	0.894991308126	0.00211416488	1.	1
DOID:1024	DOID:3393	2.43815027691171	0.000286080421058072	0.651251973834	0.00316400081	1.	1
DOID:1024	DOID:409	4.03372559938128	0.000591831965960605	0.852099778155	0.00275836699	1.	1
DOID:1024	DOID:5295	4.99579233716475	0.00049517446846044	0.720665755563	0.0477354415	0.999993408	1
DOID:1024	DOID:576	1.87932878119088	0.000177714483241913	0.361619861617	0.0177316833	1.	1
DOID:1024	DOID:7147	6.54507570196078	0.000849100897023158	0.178974358974	0.00155551231	1.	1
DOID:1024	DOID:7148	1.06739883346787	5.45692086654008e-05	0.172827172827	0.00330546382	0.999999064	1
DOID:1024	DOID:9074	1.90524463926941	0.000257074247508637	0.628519813522	0.00340844528	1.	1
DOID:1024	DOID:9351	3141.93204819277	0.015519306013148	0.756558133226	0.000907935377	1.	1
DOID:1024	DOID:936	0.997820394107519	-8.55957610215672e-07	1.12690068708	0.28392452	0.	0
DOID:1024	DOID:10652	0.546017765757906	-0.000420485353559668	0.860616395099	0.000576590421	1.	1
DOID:10595	DOID:114	1.69612622661747	0.000513786422348853	0.489803897362	0.	1.	1
DOID:10595	DOID:11476	3.0916073846612	0.000329483958079517	0.502032520326	0.	1.	1
DOID:10595	DOID:11984	1.96586755670485	0.00042690390312554	0.616110080393	0.	1.	1
DOID:10595	DOID:13580	1.02928279458379	1.60042851253468e-05	0.456926406924	0.	1.	1
DOID:10595	DOID:178	5.59162616649292	0.000537807570662749	0.58241252302	0.	1.	1
DOID:10595	DOID:3393	0.976827213245826	-0.00014084789300416	0.265109380794	0.	1.	1
DOID:10595	DOID:409	1.35033663610782	0.000118130084323773	0.569656031426	0.	1.	1
DOID:10595	DOID:440	34.8698912793492	0.00420309811212008	0.0153809337339	0.00173310225	0.0201199525	0.215409
DOID:10595	DOID:5295	1.67239968437492	0.000144024266269204	0.50592216582	0.	1.	1
DOID:10595	DOID:576	1.25825440626063	9.02136201882841e-05	-0.0145180023232	0.000856898027	0.0406932143	0.404466
DOID:10595	DOID:6050	2.52036848861409	0.000265259925635493	0.284313725491	0.	1.	1
DOID:10595	DOID:7147	3.28656050915278	0.00060518388476291	0.26923076923	0.	1.	1
DOID:10595	DOID:7148	1.27048602448119	0.000378523583539812	0.484472049688	0.	1.	1
DOID:10595	DOID:8577	2.3785464972961	0.000743423078562241	0.468440502584	0.	1.	1
DOID:10595	DOID:9074	2.23230993486975	0.000604874668995068	0.547843137254	0.	1.	1
DOID:10595	DOID:0050700	1.68572075354807	0.000206926524229352	0.398406731114	0.	1.	1
DOID:10595	DOID:10608	11.82716525309	0.00174402385195103	0.268670309653	0.	1.	1
DOID:10652	DOID:114	1.19714081123177	0.00162657613187745	0.299444390601	0.139639646	5.10183007E-11	1.40449e-10
DOID:10652	DOID:11476	3.72632752933498	0.00480104045916296	0.498596631918	0.131040886	1.49260604E-11	7.51091e-11
DOID:10652	DOID:11984	0.758870325516428	-0.00119142425127001	0.560529227365	0.	1.	1
DOID:10652	DOID:12030	0.729190392304896	-8.86082717525656e-05	0.305671340156	0.0408602133	1.39113165E-11	7.20115e-11
DOID:10652	DOID:13580	0.808904031963296	-0.00116755812878762	0.366930256676	0.00433044648	0.999540128	1
DOID:10652	DOID:14330	6.31210871811422	0.00569724004101668	-0.166315994545	0.0413343012	1.21522792E-11	6.49562e-11
DOID:10652	DOID:178	1.04737194859486	6.20275842872737e-05	0.276911702001	0.00598802418	0.0813950161	0.140986
DOID:10652	DOID:1826	5.69843682757739	0.0040036088036844	0.5066155811	0.0915254205	5.61501956E-11	1.40449e-10
DOID:10652	DOID:227	11.3753701199564	0.000859508708476493	0.177600224279	0.0492957756	0.	0
DOID:10652	DOID:2377	0.418843877150962	-0.0027155248752921	0.397235055943	0.292056084	0.	0
DOID:10652	DOID:2476	1.41602117675806	0.000239270727794847	0.256403940889	0.0146412887	0.00447396884	0.00846021
DOID:10652	DOID:2841	0.90280715237749	-2.85803292814381e-05	0.412997347483	0.139747992	1.54047886E-11	7.64518e-11
DOID:10652	DOID:319	0.584494182821346	-0.00139216974819322	0.497615695234	0.0932835788	5.42696998E-11	1.40449e-10
DOID:10652	DOID:332	0.749724813178671	-0.000656223212245046	0.260689655174	0.236797273	0.	0
DOID:10652	DOID:3393	0.837468725867549	-0.0110436404393922	0.143270300336	0.157725319	0.	0
DOID:10652	DOID:3463	1.48116798436932	0.000427837802464142	0.461735932838	0.111627907	1.62350133E-11	7.97429e-11
DOID:10652	DOID:37	1.13304081827234	0.000392086717142969	0.573124450009	0.155963302	0.	0
DOID:10652	DOID:409	1.25366608050563	0.000956182048184301	0.608576979116	0.197387516	2.44515519E-11	9.95649e-11
DOID:10652	DOID:440	4.37514235382938	0.00045084326380652	0.473547259307	0.	1.	1
DOID:10652	DOID:5295	1.22579419396082	0.000540659912455103	0.471849916232	0.0505728945	1.02255981E-11	5.66727e-11
DOID:10652	DOID:5614	5.68768505997819	0.000776667897645033	0.527749262233	0.234248787	1.11548548E-11	6.04305e-11
DOID:10652	DOID:5656	0.931233070273507	-7.17901245566709e-05	0.117757103855	0.	1.	1
DOID:10652	DOID:5679	1.15193621467913	0.000111873706241135	0.495093470755	0.191335738	5.54372104E-11	1.40449e-10
DOID:10652	DOID:576	0.963232854045491	-0.000143577874218881	0.037633176768	0.091454275	1.413758E-12	8.88648e-12
DOID:10652	DOID:6050	1.82679166487932	0.00161258309395075	0.252765126871	0.0907473341	2.83484347E-12	1.72772e-11
DOID:10652	DOID:7147	0.437171086963029	-0.00166526856721165	0.177600224279	0.105708249	0.	0
DOID:10652	DOID:7148	0.591706005466561	-0.00638740322362695	0.318878789981	0.108333334	5.38991074E-12	3.1724e-11
DOID:10652	DOID:8577	0.897511795205822	-0.00061786235423494	0.284542469025	0.144288585	0.	0
DOID:10652	DOID:863	2.16020210052791	0.00203358607884368	0.485312741338	0.0369897969	2.53241872E-13	1.64039e-12
DOID:10652	DOID:9074	0.51682617668295	-0.00265125850244539	0.361971706455	0.209009007	3.0475733E-11	1.11677e-10
DOID:10652	DOID:930	3.79179003998546	0.000981221610797395	0.485158519643	0.0304878056	6.42687015E-11	1.40449e-10
DOID:10652	DOID:936	3.49155527763631	0.0189060532212572	0.213051817234	0.00466321222	0.999859924	1
DOID:10652	DOID:9370	0.865266489854694	-0.000156744424125156	0.485158519643	0.143236071	0.	0
DOID:10652	DOID:9741	1.09267963740734	0.000107984280899785	0.350580959522	0.0146095715	0.00495527193	0.00936544
DOID:10652	DOID:0050700	0.507951598405004	-0.00165989235028763	0.352767101538	0.0254237279	3.73695519E-11	1.30019e-10
DOID:10652	DOID:10595	0.822536136151104	-0.000284102322602057	0.448070607554	0.	1.	1
DOID:10652	DOID:10608	0.577918888397445	-0.000760040616197515	0.215927750411	0.0847880319	3.04927195E-11	1.11677e-10
